ticker,name,cik,gics_sector,gics_sub_industry,date_added
AAMI,Acadian Asset Management Inc.,0001748824,Financials,Asset Management & Custody Banks,
AAP,"Advance Auto Parts, Inc.",0001158449,Consumer Discretionary,Automotive Retail,
AAT,American Assets Trust,0001500217,Real Estate,Diversified REITs,
ABCB,Ameris Bancorp,0000351569,Financials,Regional Banks,
ABG,Asbury Automotive Group,0001144980,Consumer Discretionary,Automotive Retail,
ABM,"ABM Industries, Inc.",0000771497,Industrials,Environmental & Facilities Services,
ABR,Arbor Realty Trust,0001253986,Financials,Mortgage REITs,
ACA,"Arcosa, Inc.",0001739445,Industrials,Construction & Engineering,
ACAD,Acadia Pharmaceuticals,0001070494,Health Care,Pharmaceuticals,
ACHC,Acadia Healthcare,0001520697,Health Care,Health Care Facilities,
ACIW,ACI Worldwide,0000935036,Information Technology,Application Software,
ACLS,"Axcelis Technologies, Inc.",0001113232,Information Technology,Semiconductor Materials & Equipment,
ACMR,"ACM Research, Inc.",0001680062,Information Technology,Semiconductor Materials & Equipment,
ACT,"Enact Holdings, Inc.",0001823529,Financials,Commercial & Residential Mortgage Finance,
ADAM,"Adamas Trust, Inc.",0001273685,Real Estate,Mortgage REITs,
ADEA,"Adeia, Inc.",0001803696,Information Technology,IT Consulting & Other Services,
ADMA,"ADMA Biologics, Inc.",0001368514,Health Care,Biotechnology,
ADNT,Adient,0001670541,Consumer Discretionary,Automotive Parts & Equipment,
ADT,ADT Inc.,0001703056,Consumer Discretionary,Specialized Consumer Services,
ADUS,Addus HomeCare Corp.,0001468328,Health Care,Health Care Services,
AEO,American Eagle Outfitters,0000919012,Consumer Discretionary,Apparel Retail,
AESI,"Atlas Energy Solutions, Inc.",0001984060,Energy,Oil & Gas Equipment & Services,
AGNT,"eXp World Holdings, Inc.",0001495932,Real Estate,Real Estate Services,
AGO,Assured Guaranty Ltd.,0001273813,Financials,Property & Casualty Insurance,
AGX,"Argan, Inc.",0000100591,Industrials,Construction & Engineering,
AGYS,"Agilysys, Inc.",0000078749,Information Technology,Application Software,
AHCO,AdaptHealth Corp.,0001725255,Health Care,Health Care Equipment,
AIN,Albany International Corp.,0000819793,Industrials,Industrial Machinery & Supplies & Components,
AIR,AAR CORP .,0000001750,Industrials,Aerospace & Defense,
AKR,Acadia Realty Trust,0000899629,Real Estate,Retail REITs,
ALG,Alamo Group,0000897077,Industrials,Construction Machinery & Heavy Transportation Equipment,
ALGT,Allegiant Travel Company,0001362468,Industrials,Passenger Airlines,
ALHC,"Alignment Healthcare, Inc.",0001832466,Health Care,Health Care Services,
ALKS,Alkermes plc,0001520262,Health Care,Pharmaceuticals,
ALRM,"Alarm.Com, Inc.",0001459200,Financials,Application Software,
AMN,"Amn Healthcare Services, Inc.",0001142750,Health Care,Health Care Services,
AMPH,"Amphstar Pharmaceuticals, Inc.",0001297184,Health Care,Pharmaceuticals,
AMR,"Alpha Metallurgical Resources, Inc.",0001704715,Materials,Steel,
AMRX,Amneal Pharmaceuticals,0001723128,Health Care,Pharmaceuticals,
AMSF,"Amerisafe, Inc.",0001018979,Financials,Property & Casualty Insurance,
AMTM,Amentum,0002011286,Industrials,Diversified Support Services,
ANDE,"The Andersons, Inc.",0000821026,Consumer Staples,Food Distributors,
ANIP,"ANI Pharmaceuticals, Inc.",0001023024,Health Care,Pharmaceuticals,
AORT,Artivion,0000784199,Health Care,Health Care Equipment,
AOSL,"Alpha and Omega Semiconductor, Ltd.",0001387467,Information Technology,Semiconductors,
APAM,"Artisan Partners Asset Management, Inc.",0001517302,Financials,Asset Management & Custody Banks,
APLE,"Apple Hospitality REIT, Inc.",0001418121,Real Estate,Hotel & Resort REITs,
APOG,"Apogee Enterprises, Inc.",0000006845,Industrials,Building Products,
ARCB,ArcBest Corp.,0000894405,Industrials,Cargo Ground Transportation,
ARLO,Arlo Technologies,0001736946,Information Technology,Communications Equipment,
AROC,"Archrock, Inc.",0001389050,Energy,Oil & Gas Equipment & Services,
ARR,Armour Residential REIT,0001428205,Real Estate,Mortgage REITs,
ASO,Academy Sports + Outdoors,0001817358,Consumer Discretionary,Specialty Stores,
ASTE,"Astec Industries, Inc.",0000792987,Industrials,Construction Machinery & Heavy Transportation Equipment,
ASTH,"Astrana Health, Inc.",0001083446,Health Care,Health Care Facilities,
ATEN,"A10 Networks, Inc.",0001580808,Information Technology,Systems Software,
ATMU,Atmus Filtration Technologies Inc.,0001921963,Industrials,Industrial Machinery & Supplies & Components,
AUB,"Atlantic Union Bankshares, Corp.",0000883948,Financials,Regional Banks,
AVA,Avista Corporation,0000104918,Utilities,Multi-Utilities,
AVNS,"Avanos Medical, Inc.",0001606498,Health Care,Health Care Supplies,
AWI,"Armstrong World Industries, Inc.",0000007431,Industrials,Building Products,
AWR,American States Water Company,0001056903,Utilities,Water Utilities,
AX,"Axos Financial, Inc.",0001299709,Financials,Regional Banks,
AZTA,"Azenta, Inc.",0000933974,Health Care,Life Sciences Tools & Services,
AZZ,"AZZ, Inc.",0000008947,Industrials,Heavy Electrical Equipment,
BANC,"Banc Of California, Inc.",0001169770,Financials,Regional Banks,
BANF,Bancfirst Corp,0000760498,Financials,Regional Banks,
BANR,Banner Corporation,0000946673,Financials,Regional Banks,
BBT,Beacon Financial Corp.,0001108134,Financials,Regional Banks,
BCC,Boise Cascade,0001328581,Industrials,Building Products,
BCPC,Balchem Corporation,0000009326,Materials,Specialty Chemicals,
BFAM,Bright Horizons Family Solutions Inc.,0001437578,Consumer Discretionary,Specialized Consumer Services,
BFH,"Bread Financial Holdings, Inc.",0001101215,Financials,Consumer Finance,
BFS,"Saul Centers, Inc.",0000907254,Real Estate,Retail REITs,
BGC,"BGC Group, Inc.",0001094831,Financials,Investment Banking & Brokerage,
BHE,"Benchmark Electronics, Inc.",0000863436,Information Technology,Electronic Manufacturing Services,
BJRI,"BJ's Restaurants, Inc.",0001013488,Consumer Discretionary,Restaurants,
BKE,"The Buckle, Inc.",0000885245,Consumer Discretionary,Apparel Retail,
BKU,"BankUnited, Inc.",0001504008,Financials,Regional Banks,
BL,"BlackLine Systems, Inc.",0001666134,Information Technology,Application Software,
BLFS,"BioLife Solutions, Inc.",0000834365,Health Care,Health Care Supplies,
BLKB,Blackbaud,0001280058,Information Technology,Application Software,
BMI,"Badger Meter, Inc.",0000009092,Information Technology,Electronic Equipment & Instruments,
BNL,"Broadstone Net Lease, Inc.",0001424182,Real Estate,Industrial REITs,
BOH,Bank of Hawaii,0000046195,Financials,Regional Banks,
BOOT,"Boot Barn Holdings, Inc.",0001610250,Consumer Discretionary,Apparel Retail,
BOX,"Box, Inc.",0001372612,Information Technology,Application Software,
BRC,Brady Corporation,0000746598,Industrials,Commercial Printing,
BTSG,"BrightSpring Health Services, Inc.",0001865782,Health Care,Health Care Services,
BTU,"Peabody Energy, Inc.",0001064728,Energy,Coal & Consumable Fuels,
BXMT,"Blackstone Mortgage Trust, Inc.",0001061630,Financials,Mortgage REITs,
CACC,Credit Acceptance,0000885550,Financials,Specialized Finance,
CAG,Conagra Brands,0000023217,Consumer Staples,Packaged Foods & Meats,
CAKE,"The Cheesecake Factory, Inc.",0000887596,Consumer Discretionary,Restaurants,
CALM,"Cal-Maine Foods, Inc.",0000016160,Consumer Staples,Packaged Foods & Meats,
CALX,Calix,0001406666,Information Technology,Application Software,
CALY,Callaway Golf Company,0000837465,Consumer Discretionary,Leisure Products,
CARG,CarGurus,0001494259,Communication Services,Interactive Media & Services,
CASH,"Pathward Financial, Inc.",0000907471,Financials,Regional Banks,
CATY,Cathay General Bancorp,0000861842,Financials,Regional Banks,
CBRL,Cracker Barrel,0001067294,Consumer Discretionary,Restaurants,
CBU,"Community Bank System, Inc.",0000723188,Financials,Regional Banks,
CC,Chemours,0001627223,Materials,Diversified Chemicals,
CCOI,"Cogent Communications Holdings, Inc.",0001158324,Communication Services,Alternative Carriers,
CCS,"Century Communities, Inc.",0001576940,Consumer Discretionary,Homebuilding,
CE,Celanese,0001306830,Materials,Specialty Chemicals,
CENT,Central Garden & Pet Company,0000887733,Consumer Staples,Household Products,
CENTA,Central Garden & Pet Company (Class A),0000887733,Consumer Staples,Household Products,
CENX,Century Aluminum Company,0000949157,Materials,Aluminum,
CERT,"Certara, Inc.",0001827090,Health Care,Health Care Technology,
CFFN,Capitol Federal Savings Bank,0001490906,Financials,Regional Banks,
CHCO,City Holding Company,0000726854,Financials,Regional Banks,
CHEF,"Chefs' Warehouse, Inc.",0001517175,Consumer Staples,Food Distributors,
CLSK,"CleanSpark, Inc.",0000827876,Information Technology,Internet Services & Infrastructure,
CNK,"Cinemark Holdings, Inc.",0001385280,Communication Services,Movies & Entertainment,
CNMD,CONMED Corporation,0000816956,Health Care,Health Care Equipment,
CNR,"Core Natural Resources, Inc.",0001710366,Energy,Coal & Consumable Fuels,
CNS,"Cohen & Steers, Inc.",0001284812,Financials,Asset Management & Custody Banks,
CNXC,Concentrix,0001803599,Industrials,Data Processing & Outsourced Services,
CNXN,"PC Connection, Inc.",0001050377,Information Technology,Technology Distributors,
COCO,The Vita Coco Company,0001482981,Consumer Staples,Soft Drinks & Non-alcoholic Beverages,
COHU,"Cohu, Inc.",0000021535,Information Technology,Semiconductor Materials & Equipment,
COLL,"Collegium Pharmaceutical, Inc.",0001267565,Health Care,Pharmaceuticals,
CON,"Concentra Group Holdings Parent, Inc.",0002014596,Health Care,Health Care Services,
CORT,Corcept Therapeutics Incorporated,0001088856,Health Care,Pharmaceuticals,
COTY,Coty,0001024305,Consumer Staples,Personal Care Products,
CPB,The Campbell's Company,0000016732,Consumer Staples,Packaged Foods & Meats,
CPF,Central Pacific Financial Corp.,0000701347,Financials,Regional Banks,
CPK,Chesapeake Utilities Corp.,0000019745,Utilities,Gas Utilities,
CRC,California Resources Corporation,0001609253,Energy,Oil & Gas Exploration & Production,
CRGY,Crescent Energy Company,0001866175,Energy,Oil & Gas Exploration & Production,
CRI,"Carter's, Inc.",0001060822,Consumer Discretionary,"Apparel, Accessories & Luxury Goods",
CRK,"Comstock Resources, Inc.",0000023194,Energy,Oil & Gas Exploration & Production,
CRSR,Corsair Gaming,0001743759,Information Technology,"Technology Hardware, Storage & Peripherals",
CRVL,CorVel Corporation,0000874866,Health Care,Health Care Services,
CSR,Centerspace Trust,0000798359,Real Estate,Multi-Family Residential REITs,
CSW,"CSW Industrials, Inc.",0001624794,Industrials,Industrial Conglomerates,
CTS,CTS Corporation,0000026058,Information Technology,Electronic Manufacturing Services,
CUBI,"Customers Bancorp, Inc.",0001488813,Financials,Regional Banks,
CURB,Curbline Properties Corp.,0002027317,Real Estate,Retail REITs,
CVBF,CVB Financial Corp.,0000354647,Financials,Regional Banks,
CVCO,"Cavco Industries, Inc.",0000278166,Consumer Discretionary,Homebuilding,
CVI,"CVR Energy, Inc.",0001376139,Energy,Oil & Gas Refining & Marketing,
CVSA,Covista Inc.,0000730464,Consumer Discretionary,Education Services,
CWEN,"Clearway Energy, Inc. (Class C)",0001567683,Utilities,Renewable Electricity,
CWEN.A,"Clearway Energy, Inc. (Class A)",0001567683,Utilities,Renewable Electricity,
CWK,Cushman & Wakefield plc,0001628369,Real Estate,Real Estate Services,
CWST,"Casella Waste Systems, Inc.",0000911177,Industrials,Environmental & Facilities Services,
CWT,California Water Service Group,0001035201,Utilities,Water Utilities,
CXM,"Sprinklr, Inc.",0001569345,Information Technology,Application Software,
CXW,CoreCivic,0001070985,Industrials,Diversified Support Services,
CZR,Caesars Entertainment,0001590895,Consumer Discretionary,Casinos & Gaming,
DAN,Dana Incorporated,0000026780,Consumer Discretionary,Automotive Parts & Equipment,
DAVE,"Dave, Inc.",0001841408,Financials,Consumer Finance,
DBD,Diebold Nixdorf,0000028823,Information Technology,Electronic Equipment & Instruments,
DCH,Dauch Corporation,0001062231,Consumer Discretionary,Automotive Parts & Equipment,
DCOM,"Dime Community Bancshares, Inc.",0000846617,Financials,Regional Banks,
DEA,"Easterly Government Properties, Inc.",0001622194,Real Estate,Office REITs,
DEI,Douglas Emmett,0001364250,Real Estate,Office REITs,
DFH,"Dream Finders Homes, Inc.",0001825088,Consumer Discretionary,Homebuilding,
DFIN,"Donnelley Financial Solutions, Inc.",0001669811,Financials,Financial Exchanges & Data,
DGII,Digi International Inc.,0000854775,Information Technology,Communications Equipment,
DIOD,Diodes Incorporated,0000029002,Information Technology,Semiconductors,
DLX,Deluxe Corporation,0000027996,Industrials,Commercial Printing,
DMC,Del Monte Corporation,0001047340,Consumer Staples,Packaged Foods & Meats,
DNOW,NOW Inc,0001599617,Industrials,Trading Companies & Distributors,
DORM,"Dorman Products, Inc.",0000868780,Consumer Discretionary,Automotive Parts & Equipment,
DRH,DiamondRock Hospitality Company,0001298946,Real Estate,Hotel & Resort REITs,
DV,DoubleVerify Holdings Inc.,0001819928,Communication Services,Advertising,
DXC,DXC Technology,0001688568,Information Technology,IT Consulting & Other Services,
DXPE,"DXP Enterprises, Inc.",0001020710,Industrials,Trading Companies & Distributors,
EAT,"Brinker International, Inc.",0000703351,Consumer Discretionary,Restaurants,
EBC,"Eastern Bankshares, Inc.",0001810546,Financials,Regional Banks,
ECG,"Everus Construction Group, Inc.",0002015845,Industrials,Construction & Engineering,
ECPG,"Encore Capital Group, Inc.",0001084961,Financials,Consumer Finance,
EFC,"Ellington Financial, Inc.",0001411342,Financials,Specialized Finance,
EFOR,Everforth Inc.,0000890564,Information Technology,IT Consulting & Other Services,
EGBN,Eagle Bancorp Inc,0001050441,Financials,Regional Banks,
EIG,"Employers Holdings, Inc.",0001379041,Financials,Property & Casualty Insurance,
EMN,Eastman Chemical Company,0000915389,Materials,Specialty Chemicals,
ENOV,Enovis,0001420800,Health Care,Health Care Equipment,
ENPH,Enphase Energy,0001463101,Information Technology,Semiconductor Materials & Equipment,
ENR,Energizer,0001632790,Consumer Staples,Household Products,
ENVA,"Enova International, Inc.",0001529864,Financials,Consumer Finance,
EPAC,Enerpac Tool Group,0000006955,Industrials,Industrial Machinery & Supplies & Components,
EPAM,EPAM Systems,0001352010,Information Technology,IT Consulting & Other Services,
EPC,Edgewell Personal Care,0001096752,Consumer Staples,Household Products,
EPRT,"Essential Properties Realty Trust, Inc.",0001728951,Real Estate,Diversified REITs,
ESE,ESCO Technologies Inc.,0000866706,Industrials,Industrial Machinery & Supplies & Components,
ESI,Element Solutions,0001590714,Materials,Specialty Chemicals,
ETSY,Etsy,0001370637,Consumer Discretionary,Broadline Retail,
EVTC,"EVERTEC, Inc.",0001559865,Financials,Transaction & Payment Processing Services,
EXTR,"Extreme Networks, Inc.",0001078271,Information Technology,Communications Equipment,
EYE,National Vision Holdings,0001710155,Consumer Discretionary,Specialty Stores,
EZPW,"EZCORP, Inc.",0000876523,Financials,Consumer Finance,
FA,First Advantage Corporation,0001210677,Industrials,Human Resource & Employment Services,
FBK,FB Financial Corp.,0001649749,Financials,Regional Banks,
FBNC,First Bancorp (Southern Pines NC),0000811589,Financials,Regional Banks,
FBP,First BanCorp (Puerto Rico),0001057706,Financials,Regional Banks,
FBRT,"Franklin BSP Realty Trust, Inc.",0001562528,Real Estate,Mortgage REITs,
FCF,"First Commonwealth Financial, Corp.",0000712537,Financials,Regional Banks,
FCPT,"Four Corners Property Trust, Inc.",0001650132,Real Estate,Other Specialized REITs,
FELE,Franklin Electric,0000038725,Industrials,Industrial Machinery & Supplies & Components,
FFBC,First Financial Bancorp,0000708955,Financials,Regional Banks,
FG,"F&G Annuities & Life, Inc.",0001934850,Financials,Life & Health Insurance,
FHB,"First Hawaiian, Inc.",0000036377,Financials,Regional Banks,
FIBK,"First Interstate BancSystem, Inc.",0000860413,Financials,Regional Banks,
FIZZ,National Beverage Corp.,0000069891,Consumer Staples,Soft Drinks & Non-alcoholic Beverages,
FLO,Flowers Foods,0001128928,Consumer Staples,Packaged Foods & Meats,
FMC,FMC Corporation,0000037785,Materials,Fertilizers & Agricultural Chemicals,
FORM,"FormFactor, Inc.",0001039399,Information Technology,Semiconductor Materials & Equipment,
FOXF,Fox Factory,0001424929,Consumer Discretionary,Automotive Parts & Equipment,
FRPT,Freshpet,0001611647,Consumer Staples,Packaged Foods & Meats,
FSS,Federal Signal Corporation,0000277509,Industrials,Construction Machinery & Heavy Transportation Equipment,
FTDR,"Frontdoor, Inc.",0001727263,Consumer Discretionary,Specialized Consumer Services,
FTRE,Fortrea,0001965040,Health Care,Biotechnology,
FUL,H.B. Fuller Company,0000039368,Materials,Specialty Chemicals,
FULT,Fulton Financial Corporation,0000700564,Financials,Regional Banks,
FUN,Six Flags,0001999001,Consumer Discretionary,Leisure Facilities,
GBX,"The Greenbrier Companies, Inc.",0000923120,Industrials,Construction Machinery & Heavy Transportation Equipment,
GEO,"GEO Group, Inc.",0000923796,Industrials,Environmental & Facilities Services,
GFF,Griffon Corporation,0000050725,Industrials,Building Products,
GIII,"G-III Apparel Group, Ltd.",0000821002,Consumer Discretionary,"Apparel, Accessories & Luxury Goods",
GKOS,Glaukos Corp.,0001192448,Health Care,Health Care Equipment,
GNL,"Global Net Lease, Inc.",0001526113,Real Estate,Diversified REITs,
GNW,"Genworth Financial, Inc.",0001276520,Financials,Multi-line Insurance,
GO,Grocery Outlet,0001771515,Consumer Staples,Food Retail,
GOLF,Acushnet Company,0001672013,Consumer Discretionary,Leisure Products,
GPI,"Group 1 Automotive, Inc.",0001031203,Consumer Discretionary,Automotive Retail,
GPOR,Gulfport Energy Corporation,0000874499,Energy,Oil & Gas Exploration & Production,
GRBK,"Green Brick Partners, Inc.",0001373670,Consumer Discretionary,Homebuilding,
GSHD,"Goosehead Insurance, Inc.",0001726978,Financials,Insurance Brokers,
GT,Goodyear Tire and Rubber Company,0000042582,Consumer Discretionary,Tires & Rubber,
GTES,Gates Corporation,0001718512,Industrials,Industrial Machinery & Supplies & Components,
GTM,ZoomInfo,0001794515,Communication Services,Interactive Media & Services,
GTY,Getty Realty Corp.,0001052752,Real Estate,Retail REITs,
GVA,"Granite Construction, Inc.",0000861459,Industrials,Construction & Engineering,
HAFC,Hanmi Financial Corporation,0001109242,Financials,Regional Banks,
HASI,"Hannon Armstrong Sustainable Infrastructure Capital, Inc.",0001561894,Financials,Specialized Finance,
HAYW,"Hayward Holdings, Inc.",0001834622,Industrials,Electrical Components & Equipment,
HCC,"Warrior Met Coal, Inc.",0001691303,Materials,Steel,
HCI,"HCI Group, Inc.",0001400810,Financials,Property & Casualty Insurance,
HCSG,"Healthcare Services Group, Inc.",0000731012,Industrials,Environmental & Facilities Services,
HE,"Hawaiian Electric Industries, Inc.",0000354707,Utilities,Electric Utilities,
HFWA,Heritage Financial Corporation,0001046025,Health Care,Regional Banks,
HIW,Highwoods Properties,0000921082,Real Estate,Office REITs,
HLIT,Harmonic Inc.,0000851310,Information Technology,Communications Equipment,
HLX,"Helix Energy Solutions Group, Inc.",0000866829,Energy,Oil & Gas Equipment & Services,
HMN,Horace Mann Educators Corporation,0000850141,Financials,Multi-line Insurance,
HNI,HNI Corporation,0000048287,Industrials,Office Services & Supplies,
HOPE,"Hope Bancorp, Inc.",0001128361,Financials,Regional Banks,
HP,"Helmerich & Payne, Inc.",0000046765,Energy,Oil & Gas Drilling,
HRMY,"Harmony Biosciences Holdings, Inc.",0001802665,Health Care,Biotechnology,
HSTM,"HealthStream, Inc.",0001095565,Health Care,Health Care Technology,
HTH,Hilltop Holdings Inc.,0001265131,Financials,Regional Banks,
HTLD,"Heartland Express, Inc.",0000799233,Industrials,Cargo Ground Transportation,
HTO,H2O America,0000766829,Utilities,Water Utilities,
HTZ,Hertz,0001657853,Industrials,Passenger Ground Transportation,
HUBG,"Hub Group, Inc.",0000940942,Industrials,Air Freight & Logistics,
HWKN,"Hawkins, Inc.",0000046250,Materials,Commodity Chemicals,
HZO,"MarineMax, Inc.",0001057060,Consumer Discretionary,Specialty Stores,
IART,Integra Lifesciences Holdings,0000917520,Health Care,Health Care Equipment,
IBP,"Installed Building Products, Inc.",0001580905,Consumer Discretionary,Homebuilding,
ICHR,"Ichor Holdings, Ltd.",0001652535,Information Technology,Semiconductor Materials & Equipment,
ICUI,ICU Medical,0000883984,Health Care,Health Care Supplies,
IIPR,"Innovative Industrial Properties, Inc.",0001677576,Real Estate,Industrial REITs,
INDB,Independent Bank Corp.,0000776901,Financials,Regional Banks,
INDV,Indivior,0001625297,Health Care,Pharmaceuticals,
INSP,"Inspire Medical Systems, Inc.",0001609550,Health Care,Health Care Equipment,
INSW,"International Seaways, Inc.",0001679049,Energy,Oil & Gas Storage & Transportation,
INVA,"Innoviva, Inc.",0001080014,Health Care,Pharmaceuticals,
INVX,"Innovex International, Inc.",0001042893,Energy,Oil & Gas Equipment & Services,
IOSP,"Innospec, Inc.",0001054905,Materials,Specialty Chemicals,
IPAR,"Inter Parfums, Inc.",0000822663,Consumer Staples,Household Products,
IRDM,Iridium Communications,0001418819,Communication Services,Alternative Carriers,
ITGR,Integer Holdings Corporation,0001114483,Health Care,Health Care Equipment,
ITRI,"Itron, Inc.",0000780571,Information Technology,Electronic Equipment & Instruments,
IVT,InvenTrust Properties,0001307748,Real Estate,Retail REITs,
JBGS,JBG Smith,0001689796,Real Estate,Office REITs,
JBLU,JetBlue,0001158463,Industrials,Passenger Airlines,
JBSS,"John B. Sanfilippo & Son, Inc.",0000880117,Consumer Staples,Packaged Foods & Meats,
JBTM,JBT Marel Corporation,0001433660,Industrials,Industrial Machinery & Supplies & Components,
JJSF,J&J Snack Foods Corp.,0000785956,Consumer Staples,Packaged Foods & Meats,
JOE,St. Joe Company,0000745308,Real Estate,Real Estate Development,
JXN,"Jackson Financial, Inc.",0001822993,Financials,Life & Health Insurance,
KAI,Kadant Inc.,0000886346,Industrials,Industrial Machinery & Supplies & Components,
KALU,Kaiser Aluminum Corporation,0000811596,Materials,Aluminum,
KFY,Korn/Ferry International,0000056679,Industrials,Human Resource & Employment Services,
KGS,"Kodiak Gas Services, Inc.",0001767042,Energy,Oil & Gas Equipment & Services,
KLIC,"Kulicke and Soffa Industries, Inc.",0000056978,Information Technology,Semiconductor Materials & Equipment,
KMPR,Kemper Corporation,0000860748,Financials,Multi-line Insurance,
KMT,Kennametal,0000055242,Industrials,Industrial Machinery & Supplies & Components,
KMX,"CarMax, Inc.",0001170010,Consumer Discretionary,Automotive Retail,
KN,Knowles Corporation,0001587523,Information Technology,Electronic Components,
KNTK,"Kinetik Holdings, Inc.",0001692787,Energy,Oil & Gas Storage & Transportation,
KOP,"Koppers Holdings, Inc.",0001315257,Materials,Commodity Chemicals,
KRYS,"Krystal Biotech, Inc.",0001711279,Health Care,Biotechnology,
KSS,Kohl's Corp.,0000885639,Consumer Discretionary,Broadline Retail,
KTB,Kontoor Brands,0001760965,Consumer Discretionary,"Apparel, Accessories & Luxury Goods",
KWR,Quaker Chemical Corporation,0000081362,Materials,Specialty Chemicals,
LAUR,"Laureate Education, Inc.",0000912766,Consumer Discretionary,Education Services,
LAZ,Lazard,0001311370,Financials,Diversified Capital Markets,
LBRT,"Liberty Energy, Inc.",0001694028,Energy,Oil & Gas Equipment & Services,
LCII,LCI Industries,0000763744,Consumer Discretionary,Automotive Parts & Equipment,
LEG,Leggett & Platt,0000058492,Consumer Discretionary,Home Furnishings,
LEU,Centrus Energy Corp.,0001065059,Energy,Coal & Consumable Fuels,
LFST,Lifestance Health,0001845257,Health Care,Health Care Services,
LGIH,LGI Homes,0001580670,Consumer Discretionary,Homebuilding,
LGND,"Ligand Pharmaceuticals, Inc.",0000886163,Health Care,Biotechnology,
LIF,Life360,0001581760,Information Technology,Application Software,
LKFN,Lakeland Financial,0000721994,Financials,Regional Banks,
LKQ,LKQ Corporation,0001065696,Consumer Discretionary,Distributors,
LMAT,LeMaitre Vascular,0001158895,Health Care,Health Care Equipment,
LNC,Lincoln Financial,0000059558,Financials,Multi-line Insurance,
LNN,Lindsay Corporation,0000836157,Materials,Agricultural & Farm Machinery,
LPG,Dorian LPG Ltd.,0001596993,Energy,Oil & Gas Storage & Transportation,
LQDA,Liquidia Corporation,0001819576,Health Care,Pharmaceuticals,
LQDT,"Liquidity Services, Inc.",0001235468,Industrials,Diversified Support Services,
LRN,"Stride, Inc.",0001157408,Consumer Discretionary,Education Services,
LTC,"LTC Properties, Inc.",0000887905,Real Estate,Health Care REITs,
LTH,"Life Time Group Holdings, Inc.",0001869198,Consumer Discretionary,Leisure Facilities,
LUMN,Lumen Technologies,0000018926,Communication Services,Alternative Carriers,
LW,Lamb Weston,0001679273,Consumer Staples,Packaged Foods & Meats,
LXP,Lexington Realty Trust,0000910108,Real Estate,Diversified REITs,
LYFT,"Lyft, Inc.",0001759509,Industrials,Passenger Ground Transportation,
LZ,"LegalZoom.com, Inc.",0001286139,Industrials,Research & Consulting Services,
LZB,"La-Z-Boy, Inc.",0000057131,Consumer Discretionary,Home Furnishings,
MAC,Macerich,0000912242,Real Estate,Retail REITs,
MAN,ManpowerGroup,0000871763,Industrials,Human Resource & Employment Services,
MARA,"MARA Holdings, Inc.",0001507605,Information Technology,Internet Services & Infrastructure,
MATW,Matthews International Corporation,0000063296,Consumer Discretionary,Specialized Consumer Services,
MATX,"Matson, Inc.",0000003453,Industrials,Marine Transportation,
MBC,"MasterBrand, Inc.",0001941365,Industrials,Building Products,
MBGL,"Mobility Global, Inc.",0002090312,Industrials,Data Processing & Outsourced Services,
MBIN,Merchants Bancorp,0001629019,Financials,Regional Banks,
MC,Moelis & Company,0001596967,Financials,Investment Banking & Brokerage,
MCRI,"Monarch Casino & Resort, Inc.",0000907242,Consumer Discretionary,Casinos & Gaming,
MCY,Mercury General,0000064996,Financials,Property & Casualty Insurance,
MD,Pediatrix Medical Group,0000893949,Health Care,Health Care Services,
MDU,"MDU Resources Group, Inc.",0000067716,Utilities,Multi-Utilities,
MFP,"Midera Food Processing, Inc.",0002088281,Industrials,Industrial Machinery & Supplies & Components,
MGEE,"MGE Energy, Inc.",0001161728,Utilities,Electric Utilities,
MGY,"Magnolia Oil & Gas, Corp.",0001698990,Energy,Oil & Gas Exploration & Production,
MHK,Mohawk Industries,0000851968,Consumer Discretionary,Home Furnishings,
MHO,"M/I Homes, Inc.",0000799292,Consumer Discretionary,Homebuilding,
MIR,"Mirion Technologies, Inc.",0001809987,Information Technology,Electronic Equipment & Instruments,
MKTX,MarketAxess,0001278021,Financials,Financial Exchanges & Data,
MLKN,"MillerKnoll, Inc.",0000066382,Industrials,Office Services & Supplies,
MMI,"Marcus & Millichap, Inc.",0001578732,Real Estate,Real Estate Services,
MMSI,"Merit Medical Systems, Inc.",0000856982,Health Care,Health Care Supplies,
MOH,Molina Healthcare,0001179929,Health Care,Managed Health Care,
MPT,Medical Properties Trust,0001287865,Real Estate,Health Care REITs,
MRCY,Mercury Systems,0001049521,Industrials,Electrical Components & Equipment,
MRP,"Millrose Properties, Inc.",0002017206,Real Estate,Single-Family Residential REITs,
MRTN,"Marten Transport, Ltd.",0000799167,Industrials,Cargo Ground Transportation,
MSEX,Middlesex Water Company,0000066004,Utilities,Water Utilities,
MSGS,Madison Square Garden Sports Corp.,0001636519,Communication Services,Movies & Entertainment,
MTCH,Match Group,0000891103,Communication Services,Interactive Media & Services,
MTH,Meritage Homes Corporation,0000833079,Consumer Discretionary,Homebuilding,
MTRN,Materion Corp.,0001104657,Materials,Diversified Metals & Mining,
MTUS,Metallus Inc,0001598428,Materials,Steel,
MTX,Minerals Technologies,0000891014,Materials,Specialty Chemicals,
MWA,Mueller Water Products,0001350593,Industrials,Industrial Machinery & Supplies & Components,
MXL,"MaxLinear, Inc.",0001288469,Information Technology,Semiconductors,
MYRG,"MYR Group, Inc.",0000700923,Industrials,Construction & Engineering,
NABL,"N-able, Inc.",0001834488,Information Technology,Systems Software,
NATL,NCR Atleos,0001974138,Financials,Transaction & Payment Processing Services,
NAVI,Navient,0001593538,Financials,Consumer Finance,
NBHC,National Bank Holdings Corporation,0001475841,Financials,Regional Banks,
NBTB,"NBT Bancorp, Inc.",0000790359,Financials,Regional Banks,
NE,Noble Corporation,0001895262,Energy,Oil & Gas Drilling,
NEO,"NeoGenomics Laboratories, Inc.",0001077183,Health Care,Health Care Services,
NEOG,Neogen,0000711377,Health Care,Health Care Supplies,
NGVT,"Ingevity, Corp.",0001653477,Materials,Specialty Chemicals,
NHC,"National Healthcare, Corp.",0001047335,Health Care,Health Care Facilities,
NHI,"National Health Investors, Inc.",0000877860,Real Estate,Health Care REITs,
NIC,Nicolet Bankshares,0001174850,Financials,Regional Banks,
NMIH,"NMI Holdings, Inc.",0001547903,Financials,Commercial & Residential Mortgage Finance,
NOG,"Northern Oil and Gas, Inc.",0001104485,Energy,Oil & Gas Exploration & Production,
NPK,"National Presto Industries, Inc.",0000080172,Industrials,Aerospace & Defense,
NPO,"EnPro Industries, Inc.",0001164863,Industrials,Industrial Machinery & Supplies & Components,
NSIT,"Insight Enterprises, Inc.",0000932696,Industrials,Technology Distributors,
NSP,Insperity,0001000753,Industrials,Human Resource & Employment Services,
NSSC,Napco Security Technologies,0000069633,Information Technology,Electronic Equipment & Instruments,
NTCT,"NETSCOUT Systems, Inc.",0001078075,Information Technology,Communications Equipment,
NTST,NETSTREIT Corp.,0001798100,Real Estate,Retail REITs,
NWBI,"Northwest Bancshares, Inc.",0001471265,Financials,Regional Banks,
NWL,Newell Brands,0000814453,Consumer Discretionary,Housewares & Specialties,
NWN,NW Natural,0001733998,Utilities,Gas Utilities,
NX,Quanex Building Products Corporation,0001423221,Industrials,Building Products,
NXRT,"NexPoint Residential Trust, Inc.",0001620393,Real Estate,Multi-Family Residential REITs,
OFG,OFG Bancorp,0001030469,Financials,Regional Banks,
OGN,Organon & Co.,0001821825,Health Care,Pharmaceuticals,
OI,"O-I Glass, Inc.",0000812074,Materials,"Metal, Glass & Plastic Containers",
OII,"Oceaneering International, Inc.",0000073756,Energy,Oil & Gas Equipment & Services,
OMCL,Omnicell,0000926326,Health Care,Health Care Technology,
OPLN,"OPENLANE, Inc.",0001395942,Industrials,Diversified Support Services,
OSIS,"OSI Systems, Inc.",0001039065,Information Technology,Electronic Equipment & Instruments,
OSW,OneSpaWorld Holdings Limited,0001758488,Consumer Discretionary,Leisure Facilities,
OTTR,Otter Tail Corporation,0001466593,Utilities,Electric Utilities,
OUT,Outfront Media,0001579877,Real Estate,Other Specialized REITs,
PAHC,Phibro Animal Health,0001069899,Health Care,Pharmaceuticals,
PARR,"Par Pacific Holdings, Inc.",0000821483,Energy,Oil & Gas Refining & Marketing,
PATK,"Patrick Industries, Inc.",0000076605,Consumer Discretionary,Automotive Parts & Equipment,
PAYC,Paycom,0001590955,Industrials,Human Resource & Employment Services,
PAYO,Payoneer Global Inc.,0001845815,Financials,Transaction & Payment Processing Services,
PBH,Prestige Consumer Healthcare,0001295947,Health Care,Pharmaceuticals,
PBI,"Pitney Bowes, Inc.",0000078814,Industrials,Office Services & Supplies,
PCRX,"Pacira BioSciences, Inc.",0001396814,Health Care,Pharmaceuticals,
PDFS,"PDF Solutions, Inc.",0001120914,Information Technology,Semiconductor Materials & Equipment,
PEB,Pebblebrook Hotel Trust,0001474098,Real Estate,Hotel & Resort REITs,
PECO,Phillips Edison & Company,0001476204,Real Estate,Retail REITs,
PENG,"Penguin Solutions, Inc.",0001616533,Information Technology,Semiconductors,
PENN,Penn Entertainment,0000921738,Consumer Discretionary,Casinos & Gaming,
PFBC,Preferred Bank,0001492165,Financials,Regional Banks,
PFS,"Provident Financial Services, Inc.",0001178970,Financials,Regional Banks,
PGNY,"Progyny, Inc.",0001551306,Health Care,Health Care Services,
PHIN,"PHINIA, Inc.",0001968915,Consumer Discretionary,Automotive Retail,
PI,"Impinj, Inc.",0001114995,Information Technology,Electronic Equipment & Instruments,
PIPR,Piper Sandler Companies,0001230245,Financials,Investment Banking & Brokerage,
PJT,"PJT Partners, Inc.",0001626115,Financials,Investment Banking & Brokerage,
PLAB,"Photronics, Inc.",0000810136,Information Technology,Semiconductor Materials & Equipment,
PLMR,"Palomar Holdings, Inc.",0001761312,Financials,Property & Casualty Insurance,
PLUS,"ePlus, Inc.",0001022408,Information Technology,Technology Distributors,
PLXS,Plexus Corp.,0000785786,Information Technology,Electronic Manufacturing Services,
PMT,PennyMac Mortgage Investment Trust,0001464423,Real Estate,Mortgage REITs,
POOL,Pool Corporation,0000945841,Consumer Discretionary,Distributors,
POWI,Power Integrations,0000833640,Information Technology,Semiconductors,
POWL,"Powell Industries, Inc.",0000080420,Industrials,Electrical Components & Equipment,
PPLI,People Inc.,0001800227,Communication Services,Interactive Media & Services,
PRDO,Perdoceo Education Corp.,0001046568,Consumer Discretionary,Education Services,
PRG,"PROG Holdings, Inc.",0001808834,Financials,Consumer Finance,
PRGO,Perrigo,0001585364,Health Care,Pharmaceuticals,
PRGS,Progress Software Corporation,0000876167,Information Technology,Systems Software,
PRIM,Primoris Services Corporation,0001361538,Industrials,Construction & Engineering,
PRK,Park National Corp.,0000805676,Financials,Regional Banks,
PRKS,United Parks & Resorts,0001564902,Consumer Discretionary,Leisure Facilities,
PRLB,Protolabs,0001443669,Industrials,Industrial Machinery & Supplies & Components,
PRSU,"Pursuit Attractions & Hospitality, Inc.",0000884219,Consumer Discretionary,"Hotels, Resorts & Cruise Lines",
PRVA,"Privia Health Group, Inc.",0001759655,Health Care,Health Care Services,
PSMT,PriceSmart,0001041803,Consumer Staples,Consumer Staples Merchandise Retail,
PTCT,"PTC Therapeutics, Inc.",0001070081,Health Care,Pharmaceuticals,
PTEN,"Patterson-UTI Energy, Inc.",0000889900,Energy,Oil & Gas Drilling,
PTGX,"Protagonist Therapeutics, Inc.",0001377121,Health Care,Biotechnology,
PTON,"Peloton Interactive, Inc.",0001639825,Consumer Discretionary,Leisure Products,
PZZA,Papa John's Pizza,0000901491,Consumer Discretionary,Restaurants,
QDEL,QuidelOrtho,0001906324,Health Care,Health Care Supplies,
QNST,"QuinStreet, Inc.",0001117297,Communication Services,Interactive Media & Services,
QRVO,Qorvo,0001604778,Information Technology,Semiconductors,
QTWO,"Q2 Holdings, Inc.",0001410384,Information Technology,Application Software,
RAL,Ralliant Corp,0002041385,Information Technology,Electronic Equipment & Instruments,
RAMP,"LiveRamp Holdings, Inc.",0000733269,Information Technology,Application Software,
RCUS,"Arcus Biosciences, Inc.",0001724521,Health Care,Biotechnology,
RDN,"Radian Group, Inc.",0000890926,Financials,Property & Casualty Insurance,
RDNT,"RadNet, Inc.",0000790526,Health Care,Health Care Services,
RELY,Remitly,0001782170,Financials,Transaction & Payment Processing Services,
RES,"RPC, Inc.",0000742278,Energy,Oil & Gas Equipment & Services,
REX,REX American Resources Corporation,0000744187,Energy,Oil & Gas Refining & Marketing,
REYN,Reynolds Consumer Products,0001786431,Consumer Staples,Household Products,
REZI,"Resideo Technologies, Inc.",0001740332,Industrials,Trading Companies & Distributors,
RHI,Robert Half,0000315213,Industrials,Human Resource & Employment Services,
RHP,Ryman Hospitality Properties,0001040829,Real Estate,Hotel & Resort REITs,
RITM,Rithm Capital,0001556593,Financials,Mortgage REITs,
RNG,"RingCentral, Inc.",0001384905,Information Technology,Application Software,
RNST,Renasant Corp.,0000715072,Financials,Regional Banks,
ROCK,"Gibraltar Industries, Inc.",0000912562,Industrials,Building Products,
ROG,Rogers Corporation,0000084748,Information Technology,Electronic Components,
RRR,"Red Rock Resorts, Inc.",0001653653,Consumer Discretionary,Casinos & Gaming,
RSI,"Rush Street Interactive, Inc.",0001793659,Consumer Discretionary,Casinos & Gaming,
RUN,Sunrun,0001469367,Industrials,Building Products,
RUSHA,Rush Enterprises,0001012019,Industrials,Construction Machinery & Heavy Transportation Equipment,
RXO,"RXO, Inc.",0001929561,Industrials,Cargo Ground Transportation,
SABR,Sabre,0001597033,Consumer Discretionary,"Hotels, Resorts & Cruise Lines",
SAFE,"Safehold, Inc.",0001095651,Real Estate,Other Specialized REITs,
SAFT,"Safety Insurance Group, Inc.",0001172052,Financials,Property & Casualty Insurance,
SAH,"Sonic Automotive, Inc.",0001043509,Consumer Discretionary,Automotive Retail,
SBCF,Seacoast Banking Corporation of Florida,0000730708,Financials,Regional Banks,
SBH,"Sally Beauty Holdings, Inc.",0001368458,Consumer Discretionary,Specialty Stores,
SBSI,"Southside Bancshares, Inc.",0000705432,Financials,Regional Banks,
SCHL,Scholastic Corporation,0000866729,Consumer Discretionary,Publishing,
SCL,Stepan Company,0000094049,Materials,Specialty Chemicals,
SCSC,"ScanSource, Inc.",0000918965,Information Technology,Technology Distributors,
SDGR,"Schrödinger, Inc.",0001490978,Health Care,Health Care Services,
SEDG,SolarEdge,0001419612,Information Technology,Semiconductor Materials & Equipment,
SEI,"Solaris Energy Infrastructure, Inc.",0001697500,Energy,Oil & Gas Equipment & Services,
SEZL,Sezzle,0001662991,Financials,Transaction & Payment Processing Services,
SFBS,"ServisFirst Bancshares, Inc.",0001430723,Financials,Regional Banks,
SFNC,Simmons First National Corporation,0000090498,Financials,Regional Banks,
SHAK,"Shake Shack, Inc.",0001620533,Consumer Discretionary,Restaurants,
SHEN,Shenandoah Telecommunications Co,0000354963,Communication Services,Wireless Telecommunication Services,
SHO,"Sunstone Hotel Investors, Inc.",0001295810,Real Estate,Hotel & Resort REITs,
SHOO,"Steven Madden, Ltd.",0000913241,Consumer Discretionary,Footwear,
SIG,Signet Jewelers,0000832988,Consumer Discretionary,Specialty Stores,
SKT,"Tanger Factory Outlet Centers, Inc.",0000899715,Real Estate,Retail REITs,
SKY,"Champion Homes, Inc.",0000090896,Consumer Discretionary,Homebuilding,
SKYW,"SkyWest, Inc.",0000793733,Industrials,Passenger Airlines,
SLG,SL Green Realty,0001040971,Real Estate,Office REITs,
SLVM,Sylvamo Corp.,0001856485,Materials,Paper Products,
SM,SM Energy Company,0000893538,Energy,Oil & Gas Exploration & Production,
SMP,"Standard Motor Products, Inc.",0000093389,Consumer Discretionary,Automotive Parts & Equipment,
SMPL,Simply Good Foods Company,0001702744,Consumer Staples,Packaged Foods & Meats,
SNDR,Schneider National,0001692063,Industrials,Cargo Ground Transportation,
SNEX,StoneX Group Inc.,0000913760,Financials,Investment Banking & Brokerage,
SONO,"Sonos, Inc.",0001314727,Consumer Discretionary,Consumer Electronics,
SPHR,Sphere Entertainment,0001795250,Communication Services,Movies & Entertainment,
SPNT,SiriusPoint Ltd.,0001576018,Financials,Reinsurance,
SPSC,"SPS Commerce, Inc.",0001092699,Information Technology,Application Software,
SRPT,Sarepta Therapeutics,0000873303,Health Care,Biotechnology,
STAA,STAAR Surgical Company,0000718937,Health Care,Health Care Equipment,
STBA,"S&T Bancorp, Inc.",0000719220,Financials,Regional Banks,
STC,Stewart Information Services Corporation,0000094344,Financials,Property & Casualty Insurance,
STEP,StepStone Group,0001796022,Financials,Asset Management & Custody Banks,
STRA,"Strategic Education, Inc.",0001013934,Consumer Discretionary,Education Services,
SUPN,"Supernus Pharmaceuticals, Inc.",0001356576,Health Care,Pharmaceuticals,
SXI,Standex International Corporation,0000310354,Industrials,Industrial Machinery & Supplies & Components,
SXT,Sensient Technologies,0000310142,Materials,Specialty Chemicals,
TALO,"Talos Energy, Inc.",0001724965,Energy,Oil & Gas Exploration & Production,
TBBK,"The Bancorp, Inc.",0001295401,Financials,Regional Banks,
TDC,Teradata,0000816761,Information Technology,IT Consulting & Other Services,
TDS,"Telephone and Data Systems, Inc.",0001051512,Communication Services,Integrated Telecommunication Services,
TDW,"Tidewater, Inc.",0000098222,Energy,Oil & Gas Equipment & Services,
TFIN,"Triumph Bancorp, Inc.",0001539638,Financials,Regional Banks,
TFX,Teleflex,0000096943,Health Care,Health Care Equipment,
TGTX,"TG Therapeutics, Inc.",0001001316,Health Care,Biotechnology,
THRM,Gentherm Incorporated,0000903129,Consumer Discretionary,Automotive Parts & Equipment,
TILE,"Interface, Inc.",0000715787,Industrials,Office Services & Supplies,
TMDX,"TransMedics Group, Inc.",0001756262,Health Care,Health Care Equipment,
TMP,Tompkins Financial Corporation,0001005817,Financials,Regional Banks,
TNC,Tennant Company,0000097134,Industrials,Industrial Machinery & Supplies & Components,
TNDM,Tandem Diabetes Care,0001438133,Health Care,Health Care Equipment,
TR,"Tootsie Roll Industries, Inc.",0000098677,Consumer Staples,Packaged Foods & Meats,
TRIP,TripAdvisor,0001526520,Communication Services,Interactive Media & Services,
TRMK,Trustmark Corp.,0000036146,Financials,Regional Banks,
TRN,"Trinity Industries, Inc.",0000099780,Industrials,Construction Machinery & Heavy Transportation Equipment,
TRNO,Terreno Realty Corporation,0001476150,Real Estate,Industrial REITs,
TRST,TrustCo Bank Corp NY,0000357301,Financials,Regional Banks,
TRUP,Trupanion,0001371285,Financials,Life & Health Insurance,
TWO,Two Harbors Investment Corp.,0001465740,Financials,Mortgage REITs,
UA,Under Armour (Class C),0001336917,Consumer Discretionary,"Apparel, Accessories & Luxury Goods",
UAA,Under Armour (Class A),0001336917,Consumer Discretionary,"Apparel, Accessories & Luxury Goods",
UCB,"United Community Banks, Inc.",0000857855,Financials,Regional Banks,
UCTT,"Ultra Clean Holdings, Inc.",0001275014,Information Technology,Semiconductor Materials & Equipment,
UE,Urban Edge Properties,0001611547,Real Estate,Retail REITs,
UFCS,"United Fire Group, Inc.",0000101199,Financials,Property & Casualty Insurance,
UFPT,"UFP Technologies, Inc.",0000914156,Health Care,Health Care Equipment,
UNF,UniFirst Corporation,0000717954,Industrials,Diversified Support Services,
UNFI,United Natural Foods Inc,0001020859,Consumer Staples,Food Retail,
UNIT,Uniti Group,0002020795,Communication Services,Alternative Carriers,
UPBD,"Upbound Group, Inc.",0000933036,Consumer Discretionary,Computer & Electronics Retail,
UPWK,"Upwork, Inc.",0001627475,Industrials,Human Resource & Employment Services,
URBN,"Urban Outfitters, Inc.",0000912615,Consumer Discretionary,Apparel Retail,
USLM,"United States Lime & Minerals, Inc.",0000082020,Materials,Construction Materials,
USPH,"U.S. Physical Therapy, Inc.",0000885978,Health Care,Health Care Facilities,
UTI,Universal Technical Institute,0001261654,Consumer Discretionary,Education Services,
UTL,Unitil Corporation,0000755001,Utilities,Electric Utilities,
UVV,Universal Corporation,0000102037,Consumer Staples,Tobacco,
VAC,Marriott Vacations Worldwide,0001524358,Consumer Discretionary,"Hotels, Resorts & Cruise Lines",
VCEL,Vericel,0000887359,Health Care,Biotechnology,
VCTR,"Victory Capital Holdings, Inc.",0001570827,Financials,Asset Management & Custody Banks,
VCYT,"Veracyte, Inc.",0001384101,Health Care,Health Care Services,
VECO,Veeco Instruments Inc.,0000103145,Information Technology,Semiconductor Materials & Equipment,
VGNT,Versigent PLC,0002078008,Consumer Discretionary,Other Specialty Retail,
VIR,"Vir Biotechnology, Inc.",0001706431,Health Care,Biotechnology,
VIRT,"Virtu Financial, Inc.",0001592386,Financials,Financial Exchanges & Data,
VRRM,Verra Mobility Corporation,0001682745,Industrials,Data Processing & Outsourced Services,
VRTS,"Virtus Investment Partners, Inc.",0000883237,Financials,Asset Management & Custody Banks,
VSAT,"Viasat, Inc.",0000797721,Information Technology,Communications Equipment,
VSEC,VSE Corporation,0000102752,Industrials,Aerospace & Defense,
VSH,Vishay Intertechnology,0000103730,Information Technology,Electronic Components,
VSNT,"Versant Media Group, Inc.",0002067876,Communication Services,Cable & Satellite,
VSTS,Vestis,0001967649,Industrials,Diversified Support Services,
VSXY,Victoria's Secret,0001856437,Consumer Discretionary,Apparel Retail,
VTOL,Bristow Group Inc.,0001525221,Energy,Oil & Gas Equipment & Services,
VYX,NCR Voyix,0000070866,Information Technology,IT Consulting & Other Services,
WABC,Westamerica Bank,0000311094,Financials,Regional Banks,
WAFD,"WaFd, Inc.",0000936528,Financials,Regional Banks,
WAY,Waystar Holding Corp,0001990354,Health Care,Health Care Technology,
WD,"Walker & Dunlop, Inc.",0001497770,Financials,Commercial & Residential Mortgage Finance,
WDFC,WD-40 Company,0000105132,Consumer Staples,Household Products,
WEN,The Wendy's Company,0000030697,Consumer Discretionary,Restaurants,
WERN,Werner Enterprises,0000793074,Industrials,Cargo Ground Transportation,
WGO,"Winnebago Industries, Inc.",0000107687,Consumer Discretionary,Automobile Manufacturers,
WHD,"Cactus, Inc.",0001699136,Energy,Oil & Gas Equipment & Services,
WINA,Winmark,0000908315,Consumer Discretionary,Other Specialty Retail,
WKC,World Kinect Corporation,0000789460,Energy,Oil & Gas Refining & Marketing,
WLY,John Wiley & Sons,0000107140,Communication Services,Publishing,
WOR,Worthington Enterprises,0000108516,Industrials,Building Products,
WRBY,Warby Parker,0001504776,Consumer Discretionary,"Apparel, Accessories & Luxury Goods",
WRLD,World Acceptance Corporation,0000108385,Financials,Consumer Finance,
WS,Worthington Steel,0001968487,Materials,Steel,
WSBC,WesBanco,0000203596,Financials,Regional Banks,
WSC,WillScot Holdings Corp.,0001647088,Industrials,Office Services & Supplies,
WSFS,WSFS Financial Corporation,0000828944,Financials,Regional Banks,
WT,"WisdomTree Investments, Inc.",0000880631,Financials,Asset Management & Custody Banks,
WU,Western Union,0001365135,Financials,Transaction & Payment Processing Services,
WWW,"Wolverine World Wide, Inc.",0000110471,Consumer Discretionary,Footwear,
XHR,"Xenia Hotels & Resorts, Inc.",0001616000,Real Estate,Hotel & Resort REITs,
XNCR,Xencor Inc,0001326732,Health Care,Biotechnology,
XPEL,"XPEL, Inc.",0001767258,Consumer Discretionary,Automotive Parts & Equipment,
YELP,"Yelp, Inc.",0001345016,Communication Services,Interactive Media & Services,
YOU,"Clear Secure, Inc.",0001856314,Information Technology,Application Software,
ZD,Ziff Davis,0001084048,Communication Services,Advertising,
ZWS,Zurn Elkay Water Solutions Corp.,0001439288,Industrials,Industrial Machinery & Supplies & Components,
