date,action,ticker,name,reason
2021-04-19,added,CARA,,"derived from wiki revision diff (rev 1018733047 @ 2021-04-19, prev 2021-03-31)"
2021-04-19,added,IDCC,,"derived from wiki revision diff (rev 1018733047 @ 2021-04-19, prev 2021-03-31)"
2021-04-19,added,RILY,,"derived from wiki revision diff (rev 1018733047 @ 2021-04-19, prev 2021-03-31)"
2021-04-19,added,UFS,,"derived from wiki revision diff (rev 1018733047 @ 2021-04-19, prev 2021-03-31)"
2021-04-19,removed,CKH,,"derived from wiki revision diff (rev 1018733047 @ 2021-04-19, prev 2021-03-31)"
2021-04-19,removed,EGOV,,"derived from wiki revision diff (rev 1018733047 @ 2021-04-19, prev 2021-03-31)"
2021-04-19,removed,MIK,,"derived from wiki revision diff (rev 1018733047 @ 2021-04-19, prev 2021-03-31)"
2021-04-19,removed,MTSC,,"derived from wiki revision diff (rev 1018733047 @ 2021-04-19, prev 2021-03-31)"
2021-05-27,added,AVNS,,"derived from wiki revision diff (rev 1025389262 @ 2021-05-27, prev 2021-04-19)"
2021-05-27,added,EFC,,"derived from wiki revision diff (rev 1025389262 @ 2021-05-27, prev 2021-04-19)"
2021-05-27,added,GNW,,"derived from wiki revision diff (rev 1025389262 @ 2021-05-27, prev 2021-04-19)"
2021-05-27,added,JYNT,,"derived from wiki revision diff (rev 1025389262 @ 2021-05-27, prev 2021-04-19)"
2021-05-27,added,TBBK,,"derived from wiki revision diff (rev 1025389262 @ 2021-05-27, prev 2021-04-19)"
2021-05-27,added,UTL,,"derived from wiki revision diff (rev 1025389262 @ 2021-05-27, prev 2021-04-19)"
2021-05-27,removed,AEGN,,"derived from wiki revision diff (rev 1025389262 @ 2021-05-27, prev 2021-04-19)"
2021-05-27,removed,CUB,,"derived from wiki revision diff (rev 1025389262 @ 2021-05-27, prev 2021-04-19)"
2021-05-27,removed,GLUU,,"derived from wiki revision diff (rev 1025389262 @ 2021-05-27, prev 2021-04-19)"
2021-05-27,removed,NSA,,"derived from wiki revision diff (rev 1025389262 @ 2021-05-27, prev 2021-04-19)"
2021-05-27,removed,RCM,,"derived from wiki revision diff (rev 1025389262 @ 2021-05-27, prev 2021-04-19)"
2021-05-27,removed,WDR,,"derived from wiki revision diff (rev 1025389262 @ 2021-05-27, prev 2021-04-19)"
2021-06-26,added,AMEH,,"derived from wiki revision diff (rev 1030576925 @ 2021-06-26, prev 2021-05-27)"
2021-06-26,added,ORGO,,"derived from wiki revision diff (rev 1030576925 @ 2021-06-26, prev 2021-05-27)"
2021-06-26,added,POLY,,"derived from wiki revision diff (rev 1030576925 @ 2021-06-26, prev 2021-05-27)"
2021-06-26,added,SLQT,,"derived from wiki revision diff (rev 1030576925 @ 2021-06-26, prev 2021-05-27)"
2021-06-26,added,SVC,,"derived from wiki revision diff (rev 1030576925 @ 2021-06-26, prev 2021-05-27)"
2021-06-26,added,TWO,,"derived from wiki revision diff (rev 1030576925 @ 2021-06-26, prev 2021-05-27)"
2021-06-26,removed,CATM,,"derived from wiki revision diff (rev 1030576925 @ 2021-06-26, prev 2021-05-27)"
2021-06-26,removed,CROX,,"derived from wiki revision diff (rev 1030576925 @ 2021-06-26, prev 2021-05-27)"
2021-06-26,removed,CTB,,"derived from wiki revision diff (rev 1030576925 @ 2021-06-26, prev 2021-05-27)"
2021-06-26,removed,ELY,,"derived from wiki revision diff (rev 1030576925 @ 2021-06-26, prev 2021-05-27)"
2021-06-26,removed,LCI,,"derived from wiki revision diff (rev 1030576925 @ 2021-06-26, prev 2021-05-27)"
2021-06-26,removed,PLT,,"derived from wiki revision diff (rev 1030576925 @ 2021-06-26, prev 2021-05-27)"
2021-07-15,added,ATGE,,"derived from wiki revision diff (rev 1033750783 @ 2021-07-15, prev 2021-06-26)"
2021-07-15,added,MSEX,,"derived from wiki revision diff (rev 1033750783 @ 2021-07-15, prev 2021-06-26)"
2021-07-15,added,SPNT,,"derived from wiki revision diff (rev 1033750783 @ 2021-07-15, prev 2021-06-26)"
2021-07-15,removed,BPFH,,"derived from wiki revision diff (rev 1033750783 @ 2021-07-15, prev 2021-06-26)"
2021-07-15,removed,LMNX,,"derived from wiki revision diff (rev 1033750783 @ 2021-07-15, prev 2021-06-26)"
2021-07-15,removed,TPRE,,"derived from wiki revision diff (rev 1033750783 @ 2021-07-15, prev 2021-06-26)"
2021-08-17,added,ETD,,"derived from wiki revision diff (rev 1039175407 @ 2021-08-17, prev 2021-07-15)"
2021-08-17,added,INT,,"derived from wiki revision diff (rev 1039175407 @ 2021-08-17, prev 2021-07-15)"
2021-08-17,added,LKFN,,"derived from wiki revision diff (rev 1039175407 @ 2021-08-17, prev 2021-07-15)"
2021-08-17,added,STRA,,"derived from wiki revision diff (rev 1039175407 @ 2021-08-17, prev 2021-07-15)"
2021-08-17,removed,BELFB,,"derived from wiki revision diff (rev 1039175407 @ 2021-08-17, prev 2021-07-15)"
2021-08-17,removed,ETH,,"derived from wiki revision diff (rev 1039175407 @ 2021-08-17, prev 2021-07-15)"
2021-08-17,removed,GME,,"derived from wiki revision diff (rev 1039175407 @ 2021-08-17, prev 2021-07-15)"
2021-08-17,removed,SPOK,,"derived from wiki revision diff (rev 1039175407 @ 2021-08-17, prev 2021-07-15)"
2021-09-23,added,BLFS,,"derived from wiki revision diff (rev 1045975901 @ 2021-09-23, prev 2021-08-17)"
2021-09-23,added,CNK,,"derived from wiki revision diff (rev 1045975901 @ 2021-09-23, prev 2021-08-17)"
2021-09-23,added,HCSG,,"derived from wiki revision diff (rev 1045975901 @ 2021-09-23, prev 2021-08-17)"
2021-09-23,added,LGND,,"derived from wiki revision diff (rev 1045975901 @ 2021-09-23, prev 2021-08-17)"
2021-09-23,added,QURE,,"derived from wiki revision diff (rev 1045975901 @ 2021-09-23, prev 2021-08-17)"
2021-09-23,added,THS,,"derived from wiki revision diff (rev 1045975901 @ 2021-09-23, prev 2021-08-17)"
2021-09-23,added,TRMK,,"derived from wiki revision diff (rev 1045975901 @ 2021-09-23, prev 2021-08-17)"
2021-09-23,added,WW,,"derived from wiki revision diff (rev 1045975901 @ 2021-09-23, prev 2021-08-17)"
2021-09-23,removed,CBB,,"derived from wiki revision diff (rev 1045975901 @ 2021-09-23, prev 2021-08-17)"
2021-09-23,removed,CORE,,"derived from wiki revision diff (rev 1045975901 @ 2021-09-23, prev 2021-08-17)"
2021-09-23,removed,MSTR,,"derived from wiki revision diff (rev 1045975901 @ 2021-09-23, prev 2021-08-17)"
2021-09-23,removed,SAIA,,"derived from wiki revision diff (rev 1045975901 @ 2021-09-23, prev 2021-08-17)"
2021-09-23,removed,SYKE,,"derived from wiki revision diff (rev 1045975901 @ 2021-09-23, prev 2021-08-17)"
2021-09-23,removed,TISI,,"derived from wiki revision diff (rev 1045975901 @ 2021-09-23, prev 2021-08-17)"
2021-09-23,removed,UIHC,,"derived from wiki revision diff (rev 1045975901 @ 2021-09-23, prev 2021-08-17)"
2021-09-23,removed,USCR,,"derived from wiki revision diff (rev 1045975901 @ 2021-09-23, prev 2021-08-17)"
2021-10-27,added,CCSI,,"derived from wiki revision diff (rev 1052150903 @ 2021-10-27, prev 2021-09-23)"
2021-10-27,added,HRMY,,"derived from wiki revision diff (rev 1052150903 @ 2021-10-27, prev 2021-09-23)"
2021-10-27,added,OPRX,,"derived from wiki revision diff (rev 1052150903 @ 2021-10-27, prev 2021-09-23)"
2021-10-27,added,SLVM,,"derived from wiki revision diff (rev 1052150903 @ 2021-10-27, prev 2021-09-23)"
2021-10-27,added,TREE,,"derived from wiki revision diff (rev 1052150903 @ 2021-10-27, prev 2021-09-23)"
2021-10-27,removed,KRG,,"derived from wiki revision diff (rev 1052150903 @ 2021-10-27, prev 2021-09-23)"
2021-10-27,removed,LDL,,"derived from wiki revision diff (rev 1052150903 @ 2021-10-27, prev 2021-09-23)"
2021-10-27,removed,RGS,,"derived from wiki revision diff (rev 1052150903 @ 2021-10-27, prev 2021-09-23)"
2021-10-27,removed,RPAI,,"derived from wiki revision diff (rev 1052150903 @ 2021-10-27, prev 2021-09-23)"
2021-10-27,removed,STMP,,"derived from wiki revision diff (rev 1052150903 @ 2021-10-27, prev 2021-09-23)"
2021-11-25,added,CDMO,,"derived from wiki revision diff (rev 1057095763 @ 2021-11-25, prev 2021-10-27)"
2021-11-25,added,CIVI,,"derived from wiki revision diff (rev 1057095763 @ 2021-11-25, prev 2021-10-27)"
2021-11-25,added,FBRT,,"derived from wiki revision diff (rev 1057095763 @ 2021-11-25, prev 2021-10-27)"
2021-11-25,added,LYLT,,"derived from wiki revision diff (rev 1057095763 @ 2021-11-25, prev 2021-10-27)"
2021-11-25,added,NTCT,,"derived from wiki revision diff (rev 1057095763 @ 2021-11-25, prev 2021-10-27)"
2021-11-25,added,ONL,,"derived from wiki revision diff (rev 1057095763 @ 2021-11-25, prev 2021-10-27)"
2021-11-25,added,THRY,,"derived from wiki revision diff (rev 1057095763 @ 2021-11-25, prev 2021-10-27)"
2021-11-25,removed,AAOI,,"derived from wiki revision diff (rev 1057095763 @ 2021-11-25, prev 2021-10-27)"
2021-11-25,removed,BCEI,,"derived from wiki revision diff (rev 1057095763 @ 2021-11-25, prev 2021-10-27)"
2021-11-25,removed,CADE,,"derived from wiki revision diff (rev 1057095763 @ 2021-11-25, prev 2021-10-27)"
2021-11-25,removed,CMO,,"derived from wiki revision diff (rev 1057095763 @ 2021-11-25, prev 2021-10-27)"
2021-11-25,removed,DAKT,,"derived from wiki revision diff (rev 1057095763 @ 2021-11-25, prev 2021-10-27)"
2021-11-25,removed,ECHO,,"derived from wiki revision diff (rev 1057095763 @ 2021-11-25, prev 2021-10-27)"
2021-11-25,removed,IVC,,"derived from wiki revision diff (rev 1057095763 @ 2021-11-25, prev 2021-10-27)"
2021-12-22,added,CARS,,"derived from wiki revision diff (rev 1061579576 @ 2021-12-22, prev 2021-11-25)"
2021-12-22,added,EBS,,"derived from wiki revision diff (rev 1061579576 @ 2021-12-22, prev 2021-11-25)"
2021-12-22,added,KAR,,"derived from wiki revision diff (rev 1061579576 @ 2021-12-22, prev 2021-11-25)"
2021-12-22,added,NKTR,,"derived from wiki revision diff (rev 1061579576 @ 2021-12-22, prev 2021-11-25)"
2021-12-22,added,NVEE,,"derived from wiki revision diff (rev 1061579576 @ 2021-12-22, prev 2021-11-25)"
2021-12-22,added,TDS,,"derived from wiki revision diff (rev 1061579576 @ 2021-12-22, prev 2021-11-25)"
2021-12-22,added,TR,,"derived from wiki revision diff (rev 1061579576 @ 2021-12-22, prev 2021-11-25)"
2021-12-22,added,VRE,,"derived from wiki revision diff (rev 1061579576 @ 2021-12-22, prev 2021-11-25)"
2021-12-22,removed,CLI,,"derived from wiki revision diff (rev 1061579576 @ 2021-12-22, prev 2021-11-25)"
2021-12-22,removed,DSPG,,"derived from wiki revision diff (rev 1061579576 @ 2021-12-22, prev 2021-11-25)"
2021-12-22,removed,M,,"derived from wiki revision diff (rev 1061579576 @ 2021-12-22, prev 2021-11-25)"
2021-12-22,removed,MDP,,"derived from wiki revision diff (rev 1061579576 @ 2021-12-22, prev 2021-11-25)"
2021-12-22,removed,POWI,,"derived from wiki revision diff (rev 1061579576 @ 2021-12-22, prev 2021-11-25)"
2021-12-22,removed,RAVN,,"derived from wiki revision diff (rev 1061579576 @ 2021-12-22, prev 2021-11-25)"
2021-12-22,removed,UFS,,"derived from wiki revision diff (rev 1061579576 @ 2021-12-22, prev 2021-11-25)"
2021-12-22,removed,VICR,,"derived from wiki revision diff (rev 1061579576 @ 2021-12-22, prev 2021-11-25)"
2022-01-25,added,AORT,,"derived from wiki revision diff (rev 1067905484 @ 2022-01-25, prev 2021-12-22)"
2022-01-25,added,DOUG,,"derived from wiki revision diff (rev 1067905484 @ 2022-01-25, prev 2021-12-22)"
2022-01-25,added,ITOS,,"derived from wiki revision diff (rev 1067905484 @ 2022-01-25, prev 2021-12-22)"
2022-01-25,removed,CRY,,"derived from wiki revision diff (rev 1067905484 @ 2022-01-25, prev 2021-12-22)"
2022-01-25,removed,MGLN,,"derived from wiki revision diff (rev 1067905484 @ 2022-01-25, prev 2021-12-22)"
2022-01-25,removed,MTRX,,"derived from wiki revision diff (rev 1067905484 @ 2022-01-25, prev 2021-12-22)"
2022-02-18,added,CMP,,"derived from wiki revision diff (rev 1072585161 @ 2022-02-18, prev 2022-01-25)"
2022-02-18,added,CRSR,,"derived from wiki revision diff (rev 1072585161 @ 2022-02-18, prev 2022-01-25)"
2022-02-18,added,JACK,,"derived from wiki revision diff (rev 1072585161 @ 2022-02-18, prev 2022-01-25)"
2022-02-18,added,ROCC,,"derived from wiki revision diff (rev 1072585161 @ 2022-02-18, prev 2022-01-25)"
2022-02-18,added,TWNK,,"derived from wiki revision diff (rev 1072585161 @ 2022-02-18, prev 2022-01-25)"
2022-02-18,added,UE,,"derived from wiki revision diff (rev 1072585161 @ 2022-02-18, prev 2022-01-25)"
2022-02-18,added,XPEL,,"derived from wiki revision diff (rev 1072585161 @ 2022-02-18, prev 2022-01-25)"
2022-02-18,removed,FMBI,,"derived from wiki revision diff (rev 1072585161 @ 2022-02-18, prev 2022-01-25)"
2022-02-18,removed,GWB,,"derived from wiki revision diff (rev 1072585161 @ 2022-02-18, prev 2022-01-25)"
2022-02-18,removed,ONB,,"derived from wiki revision diff (rev 1072585161 @ 2022-02-18, prev 2022-01-25)"
2022-02-18,removed,PDCE,,"derived from wiki revision diff (rev 1072585161 @ 2022-02-18, prev 2022-01-25)"
2022-02-18,removed,PVAC,,"derived from wiki revision diff (rev 1072585161 @ 2022-02-18, prev 2022-01-25)"
2022-02-18,removed,SPPI,,"derived from wiki revision diff (rev 1072585161 @ 2022-02-18, prev 2022-01-25)"
2022-02-18,removed,WTS,,"derived from wiki revision diff (rev 1072585161 @ 2022-02-18, prev 2022-01-25)"
2022-03-16,added,ASO,,"derived from wiki revision diff (rev 1077485333 @ 2022-03-16, prev 2022-02-18)"
2022-03-16,added,CRNC,,"derived from wiki revision diff (rev 1077485333 @ 2022-03-16, prev 2022-02-18)"
2022-03-16,added,GDEN,,"derived from wiki revision diff (rev 1077485333 @ 2022-03-16, prev 2022-02-18)"
2022-03-16,added,ZIMV,,"derived from wiki revision diff (rev 1077485333 @ 2022-03-16, prev 2022-02-18)"
2022-03-16,removed,CPS,,"derived from wiki revision diff (rev 1077485333 @ 2022-03-16, prev 2022-02-18)"
2022-03-16,removed,KRA,,"derived from wiki revision diff (rev 1077485333 @ 2022-03-16, prev 2022-02-18)"
2022-03-16,removed,RRC,,"derived from wiki revision diff (rev 1077485333 @ 2022-03-16, prev 2022-02-18)"
2022-03-16,removed,TRHC,,"derived from wiki revision diff (rev 1077485333 @ 2022-03-16, prev 2022-02-18)"
2022-04-26,added,ATEN,,"derived from wiki revision diff (rev 1084778223 @ 2022-04-26, prev 2022-03-16)"
2022-04-26,added,EMBC,,"derived from wiki revision diff (rev 1084778223 @ 2022-04-26, prev 2022-03-16)"
2022-04-26,added,GOGO,,"derived from wiki revision diff (rev 1084778223 @ 2022-04-26, prev 2022-03-16)"
2022-04-26,added,PRG,,"derived from wiki revision diff (rev 1084778223 @ 2022-04-26, prev 2022-03-16)"
2022-04-26,added,RCUS,,"derived from wiki revision diff (rev 1084778223 @ 2022-04-26, prev 2022-03-16)"
2022-04-26,added,SONO,,"derived from wiki revision diff (rev 1084778223 @ 2022-04-26, prev 2022-03-16)"
2022-04-26,added,VIR,,"derived from wiki revision diff (rev 1084778223 @ 2022-04-26, prev 2022-03-16)"
2022-04-26,removed,BNED,,"derived from wiki revision diff (rev 1084778223 @ 2022-04-26, prev 2022-03-16)"
2022-04-26,removed,FLOW,,"derived from wiki revision diff (rev 1084778223 @ 2022-04-26, prev 2022-03-16)"
2022-04-26,removed,FOE,,"derived from wiki revision diff (rev 1084778223 @ 2022-04-26, prev 2022-03-16)"
2022-04-26,removed,FRGI,,"derived from wiki revision diff (rev 1084778223 @ 2022-04-26, prev 2022-03-16)"
2022-04-26,removed,GTLS,,"derived from wiki revision diff (rev 1084778223 @ 2022-04-26, prev 2022-03-16)"
2022-04-26,removed,ISBC,,"derived from wiki revision diff (rev 1084778223 @ 2022-04-26, prev 2022-03-16)"
2022-04-26,removed,MTDR,,"derived from wiki revision diff (rev 1084778223 @ 2022-04-26, prev 2022-03-16)"
2022-05-26,added,AOSL,,"derived from wiki revision diff (rev 1089952206 @ 2022-05-26, prev 2022-04-26)"
2022-05-26,added,DVAX,,"derived from wiki revision diff (rev 1089952206 @ 2022-05-26, prev 2022-04-26)"
2022-05-26,added,TPH,,"derived from wiki revision diff (rev 1089952206 @ 2022-05-26, prev 2022-04-26)"
2022-05-26,removed,ECOL,,"derived from wiki revision diff (rev 1089952206 @ 2022-05-26, prev 2022-04-26)"
2022-05-26,removed,EPAY,,"derived from wiki revision diff (rev 1089952206 @ 2022-05-26, prev 2022-04-26)"
2022-05-26,removed,IRT,,"derived from wiki revision diff (rev 1089952206 @ 2022-05-26, prev 2022-04-26)"
2022-06-22,added,EYE,,"derived from wiki revision diff (rev 1094398428 @ 2022-06-22, prev 2022-05-26)"
2022-06-22,added,IRWD,,"derived from wiki revision diff (rev 1094398428 @ 2022-06-22, prev 2022-05-26)"
2022-06-22,added,RAMP,,"derived from wiki revision diff (rev 1094398428 @ 2022-06-22, prev 2022-05-26)"
2022-06-22,added,TRN,,"derived from wiki revision diff (rev 1094398428 @ 2022-06-22, prev 2022-05-26)"
2022-06-22,added,URBN,,"derived from wiki revision diff (rev 1094398428 @ 2022-06-22, prev 2022-05-26)"
2022-06-22,added,YELP,,"derived from wiki revision diff (rev 1094398428 @ 2022-06-22, prev 2022-05-26)"
2022-06-22,removed,ENDP,,"derived from wiki revision diff (rev 1094398428 @ 2022-06-22, prev 2022-05-26)"
2022-06-22,removed,GHL,,"derived from wiki revision diff (rev 1094398428 @ 2022-06-22, prev 2022-05-26)"
2022-06-22,removed,REGI,,"derived from wiki revision diff (rev 1094398428 @ 2022-06-22, prev 2022-05-26)"
2022-06-22,removed,RRGB,,"derived from wiki revision diff (rev 1094398428 @ 2022-06-22, prev 2022-05-26)"
2022-06-22,removed,TCMD,,"derived from wiki revision diff (rev 1094398428 @ 2022-06-22, prev 2022-05-26)"
2022-06-22,removed,VRA,,"derived from wiki revision diff (rev 1094398428 @ 2022-06-22, prev 2022-05-26)"
2022-07-27,added,APPS,,"derived from wiki revision diff (rev 1100775650 @ 2022-07-27, prev 2022-06-22)"
2022-07-27,added,EHAB,,"derived from wiki revision diff (rev 1100775650 @ 2022-07-27, prev 2022-06-22)"
2022-07-27,added,FTDR,,"derived from wiki revision diff (rev 1100775650 @ 2022-07-27, prev 2022-06-22)"
2022-07-27,added,GRBK,,"derived from wiki revision diff (rev 1100775650 @ 2022-07-27, prev 2022-06-22)"
2022-07-27,added,HOUS,,"derived from wiki revision diff (rev 1100775650 @ 2022-07-27, prev 2022-06-22)"
2022-07-27,added,LRN,,"derived from wiki revision diff (rev 1100775650 @ 2022-07-27, prev 2022-06-22)"
2022-07-27,added,SHO,,"derived from wiki revision diff (rev 1100775650 @ 2022-07-27, prev 2022-06-22)"
2022-07-27,added,SIX,,"derived from wiki revision diff (rev 1100775650 @ 2022-07-27, prev 2022-06-22)"
2022-07-27,added,SNCY,,"derived from wiki revision diff (rev 1100775650 @ 2022-07-27, prev 2022-06-22)"
2022-07-27,removed,COKE,,"derived from wiki revision diff (rev 1100775650 @ 2022-07-27, prev 2022-06-22)"
2022-07-27,removed,LYLT,,"derived from wiki revision diff (rev 1100775650 @ 2022-07-27, prev 2022-06-22)"
2022-07-27,removed,NP,,"derived from wiki revision diff (rev 1100775650 @ 2022-07-27, prev 2022-06-22)"
2022-07-27,removed,NTUS,,"derived from wiki revision diff (rev 1100775650 @ 2022-07-27, prev 2022-06-22)"
2022-07-27,removed,OMCL,,"derived from wiki revision diff (rev 1100775650 @ 2022-07-27, prev 2022-06-22)"
2022-07-27,removed,RLGY,,"derived from wiki revision diff (rev 1100775650 @ 2022-07-27, prev 2022-06-22)"
2022-07-27,removed,SWN,,"derived from wiki revision diff (rev 1100775650 @ 2022-07-27, prev 2022-06-22)"
2022-07-27,removed,TVTY,,"derived from wiki revision diff (rev 1100775650 @ 2022-07-27, prev 2022-06-22)"
2022-07-27,removed,VG,,"derived from wiki revision diff (rev 1100775650 @ 2022-07-27, prev 2022-06-22)"
2022-08-28,added,AHCO,,"derived from wiki revision diff (rev 1107150896 @ 2022-08-28, prev 2022-07-27)"
2022-08-28,added,CLFD,,"derived from wiki revision diff (rev 1107150896 @ 2022-08-28, prev 2022-07-27)"
2022-08-28,removed,CELH,,"derived from wiki revision diff (rev 1107150896 @ 2022-08-28, prev 2022-07-27)"
2022-08-28,removed,MTOR,,"derived from wiki revision diff (rev 1107150896 @ 2022-08-28, prev 2022-07-27)"
2022-09-29,added,AEO,,"derived from wiki revision diff (rev 1113069686 @ 2022-09-29, prev 2022-08-28)"
2022-09-29,added,AVID,,"derived from wiki revision diff (rev 1113069686 @ 2022-09-29, prev 2022-08-28)"
2022-09-29,added,CPRX,,"derived from wiki revision diff (rev 1113069686 @ 2022-09-29, prev 2022-08-28)"
2022-09-29,added,HPP,,"derived from wiki revision diff (rev 1113069686 @ 2022-09-29, prev 2022-08-28)"
2022-09-29,added,LESL,,"derived from wiki revision diff (rev 1113069686 @ 2022-09-29, prev 2022-08-28)"
2022-09-29,added,MCY,,"derived from wiki revision diff (rev 1113069686 @ 2022-09-29, prev 2022-08-28)"
2022-09-29,added,MTX,,"derived from wiki revision diff (rev 1113069686 @ 2022-09-29, prev 2022-08-28)"
2022-09-29,added,OUT,,"derived from wiki revision diff (rev 1113069686 @ 2022-09-29, prev 2022-08-28)"
2022-09-29,removed,APEI,,"derived from wiki revision diff (rev 1113069686 @ 2022-09-29, prev 2022-08-28)"
2022-09-29,removed,CAMP,,"derived from wiki revision diff (rev 1113069686 @ 2022-09-29, prev 2022-08-28)"
2022-09-29,removed,EHTH,,"derived from wiki revision diff (rev 1113069686 @ 2022-09-29, prev 2022-08-28)"
2022-09-29,removed,FOSL,,"derived from wiki revision diff (rev 1113069686 @ 2022-09-29, prev 2022-08-28)"
2022-09-29,removed,GCP,,"derived from wiki revision diff (rev 1113069686 @ 2022-09-29, prev 2022-08-28)"
2022-09-29,removed,GLT,,"derived from wiki revision diff (rev 1113069686 @ 2022-09-29, prev 2022-08-28)"
2022-09-29,removed,MANT,,"derived from wiki revision diff (rev 1113069686 @ 2022-09-29, prev 2022-08-28)"
2022-09-29,removed,POLY,,"derived from wiki revision diff (rev 1113069686 @ 2022-09-29, prev 2022-08-28)"
2022-10-19,added,ADEA,,"derived from wiki revision diff (rev 1116977829 @ 2022-10-19, prev 2022-09-29)"
2022-10-19,added,HAIN,,"derived from wiki revision diff (rev 1116977829 @ 2022-10-19, prev 2022-09-29)"
2022-10-19,added,MCW,,"derived from wiki revision diff (rev 1116977829 @ 2022-10-19, prev 2022-09-29)"
2022-10-19,added,MLKN,,"derived from wiki revision diff (rev 1116977829 @ 2022-10-19, prev 2022-09-29)"
2022-10-19,added,PAYO,,"derived from wiki revision diff (rev 1116977829 @ 2022-10-19, prev 2022-09-29)"
2022-10-19,added,STEL,,"derived from wiki revision diff (rev 1116977829 @ 2022-10-19, prev 2022-09-29)"
2022-10-19,removed,ABTX,,"derived from wiki revision diff (rev 1116977829 @ 2022-10-19, prev 2022-09-29)"
2022-10-19,removed,CVET,,"derived from wiki revision diff (rev 1116977829 @ 2022-10-19, prev 2022-09-29)"
2022-10-19,removed,EXLS,,"derived from wiki revision diff (rev 1116977829 @ 2022-10-19, prev 2022-09-29)"
2022-10-19,removed,HNGR,,"derived from wiki revision diff (rev 1116977829 @ 2022-10-19, prev 2022-09-29)"
2022-10-19,removed,LNTH,,"derived from wiki revision diff (rev 1116977829 @ 2022-10-19, prev 2022-09-29)"
2022-10-19,removed,SLQT,,"derived from wiki revision diff (rev 1116977829 @ 2022-10-19, prev 2022-09-29)"
2022-11-30,added,BFH,,"derived from wiki revision diff (rev 1124753830 @ 2022-11-30, prev 2022-10-19)"
2022-11-30,removed,UFI,,"derived from wiki revision diff (rev 1124753830 @ 2022-11-30, prev 2022-10-19)"
2022-12-30,added,AGTI,,"derived from wiki revision diff (rev 1130398945 @ 2022-12-30, prev 2022-11-30)"
2022-12-30,added,CWK,,"derived from wiki revision diff (rev 1130398945 @ 2022-12-30, prev 2022-11-30)"
2022-12-30,added,MBC,,"derived from wiki revision diff (rev 1130398945 @ 2022-12-30, prev 2022-11-30)"
2022-12-30,added,NUS,,"derived from wiki revision diff (rev 1130398945 @ 2022-12-30, prev 2022-11-30)"
2022-12-30,added,NUVA,,"derived from wiki revision diff (rev 1130398945 @ 2022-12-30, prev 2022-11-30)"
2022-12-30,added,SABR,,"derived from wiki revision diff (rev 1130398945 @ 2022-12-30, prev 2022-11-30)"
2022-12-30,added,SJW,,"derived from wiki revision diff (rev 1130398945 @ 2022-12-30, prev 2022-11-30)"
2022-12-30,added,SMTC,,"derived from wiki revision diff (rev 1130398945 @ 2022-12-30, prev 2022-11-30)"
2022-12-30,removed,CATO,,"derived from wiki revision diff (rev 1130398945 @ 2022-12-30, prev 2022-11-30)"
2022-12-30,removed,CONN,,"derived from wiki revision diff (rev 1130398945 @ 2022-12-30, prev 2022-11-30)"
2022-12-30,removed,DBD,,"derived from wiki revision diff (rev 1130398945 @ 2022-12-30, prev 2022-11-30)"
2022-12-30,removed,DHC,,"derived from wiki revision diff (rev 1130398945 @ 2022-12-30, prev 2022-11-30)"
2022-12-30,removed,FBC,,"derived from wiki revision diff (rev 1130398945 @ 2022-12-30, prev 2022-11-30)"
2022-12-30,removed,LL,,"derived from wiki revision diff (rev 1130398945 @ 2022-12-30, prev 2022-11-30)"
2022-12-30,removed,PBF,,"derived from wiki revision diff (rev 1130398945 @ 2022-12-30, prev 2022-11-30)"
2022-12-30,removed,TUP,,"derived from wiki revision diff (rev 1130398945 @ 2022-12-30, prev 2022-11-30)"
2023-01-31,added,DV,,"derived from wiki revision diff (rev 1136637860 @ 2023-01-31, prev 2022-12-30)"
2023-01-31,added,RXO,,"derived from wiki revision diff (rev 1136637860 @ 2023-01-31, prev 2022-12-30)"
2023-01-31,removed,JYNT,,"derived from wiki revision diff (rev 1136637860 @ 2023-01-31, prev 2022-12-30)"
2023-01-31,removed,VIVO,,"derived from wiki revision diff (rev 1136637860 @ 2023-01-31, prev 2022-12-30)"
2023-02-24,added,AVTA,,"derived from wiki revision diff (rev 1141366050 @ 2023-02-24, prev 2023-01-31)"
2023-02-24,added,CRK,,"derived from wiki revision diff (rev 1141366050 @ 2023-02-24, prev 2023-01-31)"
2023-02-24,added,NOG,,"derived from wiki revision diff (rev 1141366050 @ 2023-02-24, prev 2023-01-31)"
2023-02-24,added,OTTR,,"derived from wiki revision diff (rev 1141366050 @ 2023-02-24, prev 2023-01-31)"
2023-02-24,removed,ADC,,"derived from wiki revision diff (rev 1141366050 @ 2023-02-24, prev 2023-01-31)"
2023-02-24,removed,BCOR,,"derived from wiki revision diff (rev 1141366050 @ 2023-02-24, prev 2023-01-31)"
2023-02-24,removed,SJI,,"derived from wiki revision diff (rev 1141366050 @ 2023-02-24, prev 2023-01-31)"
2023-02-24,removed,UFPI,,"derived from wiki revision diff (rev 1141366050 @ 2023-02-24, prev 2023-01-31)"
2023-03-30,added,AUB,,"derived from wiki revision diff (rev 1147344939 @ 2023-03-30, prev 2023-02-24)"
2023-03-30,added,CBRL,,"derived from wiki revision diff (rev 1147344939 @ 2023-03-30, prev 2023-02-24)"
2023-03-30,added,CERT,,"derived from wiki revision diff (rev 1147344939 @ 2023-03-30, prev 2023-02-24)"
2023-03-30,added,CVI,,"derived from wiki revision diff (rev 1147344939 @ 2023-03-30, prev 2023-02-24)"
2023-03-30,added,DY,,"derived from wiki revision diff (rev 1147344939 @ 2023-03-30, prev 2023-02-24)"
2023-03-30,added,HBI,,"derived from wiki revision diff (rev 1147344939 @ 2023-03-30, prev 2023-02-24)"
2023-03-30,added,JBGS,,"derived from wiki revision diff (rev 1147344939 @ 2023-03-30, prev 2023-02-24)"
2023-03-30,added,KMT,,"derived from wiki revision diff (rev 1147344939 @ 2023-03-30, prev 2023-02-24)"
2023-03-30,added,KW,,"derived from wiki revision diff (rev 1147344939 @ 2023-03-30, prev 2023-02-24)"
2023-03-30,added,LUMN,,"derived from wiki revision diff (rev 1147344939 @ 2023-03-30, prev 2023-02-24)"
2023-03-30,added,NEX,,"derived from wiki revision diff (rev 1147344939 @ 2023-03-30, prev 2023-02-24)"
2023-03-30,added,PEB,,"derived from wiki revision diff (rev 1147344939 @ 2023-03-30, prev 2023-02-24)"
2023-03-30,added,RDN,,"derived from wiki revision diff (rev 1147344939 @ 2023-03-30, prev 2023-02-24)"
2023-03-30,added,SLG,,"derived from wiki revision diff (rev 1147344939 @ 2023-03-30, prev 2023-02-24)"
2023-03-30,added,TNDM,,"derived from wiki revision diff (rev 1147344939 @ 2023-03-30, prev 2023-02-24)"
2023-03-30,added,VRRM,,"derived from wiki revision diff (rev 1147344939 @ 2023-03-30, prev 2023-02-24)"
2023-03-30,added,VSAT,,"derived from wiki revision diff (rev 1147344939 @ 2023-03-30, prev 2023-02-24)"
2023-03-30,added,WAFD,,"derived from wiki revision diff (rev 1147344939 @ 2023-03-30, prev 2023-02-24)"
2023-03-30,removed,AAWW,,"derived from wiki revision diff (rev 1147344939 @ 2023-03-30, prev 2023-02-24)"
2023-03-30,removed,BBBY,,"derived from wiki revision diff (rev 1147344939 @ 2023-03-30, prev 2023-02-24)"
2023-03-30,removed,COLB,,"derived from wiki revision diff (rev 1147344939 @ 2023-03-30, prev 2023-02-24)"
2023-03-30,removed,EXPO,,"derived from wiki revision diff (rev 1147344939 @ 2023-03-30, prev 2023-02-24)"
2023-03-30,removed,FSP,,"derived from wiki revision diff (rev 1147344939 @ 2023-03-30, prev 2023-02-24)"
2023-03-30,removed,GPMT,,"derived from wiki revision diff (rev 1147344939 @ 2023-03-30, prev 2023-02-24)"
2023-03-30,removed,HT,,"derived from wiki revision diff (rev 1147344939 @ 2023-03-30, prev 2023-02-24)"
2023-03-30,removed,ILPT,,"derived from wiki revision diff (rev 1147344939 @ 2023-03-30, prev 2023-02-24)"
2023-03-30,removed,MPAA,,"derived from wiki revision diff (rev 1147344939 @ 2023-03-30, prev 2023-02-24)"
2023-03-30,removed,OPRX,,"derived from wiki revision diff (rev 1147344939 @ 2023-03-30, prev 2023-02-24)"
2023-03-30,removed,ORGO,,"derived from wiki revision diff (rev 1147344939 @ 2023-03-30, prev 2023-02-24)"
2023-03-30,removed,PKE,,"derived from wiki revision diff (rev 1147344939 @ 2023-03-30, prev 2023-02-24)"
2023-03-30,removed,PNTG,,"derived from wiki revision diff (rev 1147344939 @ 2023-03-30, prev 2023-02-24)"
2023-03-30,removed,SRDX,,"derived from wiki revision diff (rev 1147344939 @ 2023-03-30, prev 2023-02-24)"
2023-03-30,removed,UEIC,,"derived from wiki revision diff (rev 1147344939 @ 2023-03-30, prev 2023-02-24)"
2023-03-30,removed,UIS,,"derived from wiki revision diff (rev 1147344939 @ 2023-03-30, prev 2023-02-24)"
2023-03-30,removed,WW,,"derived from wiki revision diff (rev 1147344939 @ 2023-03-30, prev 2023-02-24)"
2023-03-30,removed,ZIMV,,"derived from wiki revision diff (rev 1147344939 @ 2023-03-30, prev 2023-02-24)"
2023-04-21,added,NABL,,"derived from wiki revision diff (rev 1150956248 @ 2023-04-21, prev 2023-03-30)"
2023-04-21,added,PACW,,"derived from wiki revision diff (rev 1150956248 @ 2023-04-21, prev 2023-03-30)"
2023-04-21,removed,NKTR,,"derived from wiki revision diff (rev 1150956248 @ 2023-04-21, prev 2023-03-30)"
2023-04-21,removed,STAR,,"derived from wiki revision diff (rev 1150956248 @ 2023-04-21, prev 2023-03-30)"
2023-05-04,added,CTKB,,"derived from wiki revision diff (rev 1153218853 @ 2023-05-04, prev 2023-04-21)"
2023-05-04,removed,CSII,,"derived from wiki revision diff (rev 1153218853 @ 2023-05-04, prev 2023-04-21)"
2023-06-23,added,ABR,,"derived from wiki revision diff (rev 1161531950 @ 2023-06-23, prev 2023-05-04)"
2023-06-23,added,APAM,,"derived from wiki revision diff (rev 1161531950 @ 2023-06-23, prev 2023-05-04)"
2023-06-23,added,BOH,,"derived from wiki revision diff (rev 1161531950 @ 2023-06-23, prev 2023-05-04)"
2023-06-23,added,CARG,,"derived from wiki revision diff (rev 1161531950 @ 2023-06-23, prev 2023-05-04)"
2023-06-23,added,CRC,,"derived from wiki revision diff (rev 1161531950 @ 2023-06-23, prev 2023-05-04)"
2023-06-23,added,DAN,,"derived from wiki revision diff (rev 1161531950 @ 2023-06-23, prev 2023-05-04)"
2023-06-23,added,DEI,,"derived from wiki revision diff (rev 1161531950 @ 2023-06-23, prev 2023-05-04)"
2023-06-23,added,DISH,,"derived from wiki revision diff (rev 1161531950 @ 2023-06-23, prev 2023-05-04)"
2023-06-23,added,EXPI,,"derived from wiki revision diff (rev 1161531950 @ 2023-06-23, prev 2023-05-04)"
2023-06-23,added,FULT,,"derived from wiki revision diff (rev 1161531950 @ 2023-06-23, prev 2023-05-04)"
2023-06-23,added,MAC,,"derived from wiki revision diff (rev 1161531950 @ 2023-06-23, prev 2023-05-04)"
2023-06-23,added,MC,,"derived from wiki revision diff (rev 1161531950 @ 2023-06-23, prev 2023-05-04)"
2023-06-23,added,NAVI,,"derived from wiki revision diff (rev 1161531950 @ 2023-06-23, prev 2023-05-04)"
2023-06-23,added,NGVT,,"derived from wiki revision diff (rev 1161531950 @ 2023-06-23, prev 2023-05-04)"
2023-06-23,added,PECO,,"derived from wiki revision diff (rev 1161531950 @ 2023-06-23, prev 2023-05-04)"
2023-06-23,added,PRVA,,"derived from wiki revision diff (rev 1161531950 @ 2023-06-23, prev 2023-05-04)"
2023-06-23,added,SDGR,,"derived from wiki revision diff (rev 1161531950 @ 2023-06-23, prev 2023-05-04)"
2023-06-23,added,SITM,,"derived from wiki revision diff (rev 1161531950 @ 2023-06-23, prev 2023-05-04)"
2023-06-23,added,SPWR,,"derived from wiki revision diff (rev 1161531950 @ 2023-06-23, prev 2023-05-04)"
2023-06-23,added,UFPT,,"derived from wiki revision diff (rev 1161531950 @ 2023-06-23, prev 2023-05-04)"
2023-06-23,added,VSCO,,"derived from wiki revision diff (rev 1161531950 @ 2023-06-23, prev 2023-05-04)"
2023-06-23,added,WLY,,"derived from wiki revision diff (rev 1161531950 @ 2023-06-23, prev 2023-05-04)"
2023-06-23,removed,BIG,,"derived from wiki revision diff (rev 1161531950 @ 2023-06-23, prev 2023-05-04)"
2023-06-23,removed,BOOM,,"derived from wiki revision diff (rev 1161531950 @ 2023-06-23, prev 2023-05-04)"
2023-06-23,removed,CARA,,"derived from wiki revision diff (rev 1161531950 @ 2023-06-23, prev 2023-05-04)"
2023-06-23,removed,CMTL,,"derived from wiki revision diff (rev 1161531950 @ 2023-06-23, prev 2023-05-04)"
2023-06-23,removed,CUTR,,"derived from wiki revision diff (rev 1161531950 @ 2023-06-23, prev 2023-05-04)"
2023-06-23,removed,DOUG,,"derived from wiki revision diff (rev 1161531950 @ 2023-06-23, prev 2023-05-04)"
2023-06-23,removed,EGRX,,"derived from wiki revision diff (rev 1161531950 @ 2023-06-23, prev 2023-05-04)"
2023-06-23,removed,FARO,,"derived from wiki revision diff (rev 1161531950 @ 2023-06-23, prev 2023-05-04)"
2023-06-23,removed,GCI,,"derived from wiki revision diff (rev 1161531950 @ 2023-06-23, prev 2023-05-04)"
2023-06-23,removed,GCO,,"derived from wiki revision diff (rev 1161531950 @ 2023-06-23, prev 2023-05-04)"
2023-06-23,removed,HMST,,"derived from wiki revision diff (rev 1161531950 @ 2023-06-23, prev 2023-05-04)"
2023-06-23,removed,HSKA,,"derived from wiki revision diff (rev 1161531950 @ 2023-06-23, prev 2023-05-04)"
2023-06-23,removed,INGN,,"derived from wiki revision diff (rev 1161531950 @ 2023-06-23, prev 2023-05-04)"
2023-06-23,removed,LPSN,,"derived from wiki revision diff (rev 1161531950 @ 2023-06-23, prev 2023-05-04)"
2023-06-23,removed,PETS,,"derived from wiki revision diff (rev 1161531950 @ 2023-06-23, prev 2023-05-04)"
2023-06-23,removed,PLCE,,"derived from wiki revision diff (rev 1161531950 @ 2023-06-23, prev 2023-05-04)"
2023-06-23,removed,ROCC,,"derived from wiki revision diff (rev 1161531950 @ 2023-06-23, prev 2023-05-04)"
2023-06-23,removed,RUTH,,"derived from wiki revision diff (rev 1161531950 @ 2023-06-23, prev 2023-05-04)"
2023-06-23,removed,RYAM,,"derived from wiki revision diff (rev 1161531950 @ 2023-06-23, prev 2023-05-04)"
2023-06-23,removed,TG,,"derived from wiki revision diff (rev 1161531950 @ 2023-06-23, prev 2023-05-04)"
2023-06-23,removed,TREE,,"derived from wiki revision diff (rev 1161531950 @ 2023-06-23, prev 2023-05-04)"
2023-06-23,removed,ZUMZ,,"derived from wiki revision diff (rev 1161531950 @ 2023-06-23, prev 2023-05-04)"
2023-07-27,added,FTRE,,"derived from wiki revision diff (rev 1167386840 @ 2023-07-27, prev 2023-06-23)"
2023-07-27,added,PHIN,,"derived from wiki revision diff (rev 1167386840 @ 2023-07-27, prev 2023-06-23)"
2023-07-27,removed,LOCO,,"derived from wiki revision diff (rev 1167386840 @ 2023-07-27, prev 2023-06-23)"
2023-07-27,removed,SENEA,,"derived from wiki revision diff (rev 1167386840 @ 2023-07-27, prev 2023-06-23)"
2023-08-31,added,AAP,,"derived from wiki revision diff (rev 1173069769 @ 2023-08-31, prev 2023-07-27)"
2023-08-31,added,MRCY,,"derived from wiki revision diff (rev 1173069769 @ 2023-08-31, prev 2023-07-27)"
2023-08-31,added,MSGS,,"derived from wiki revision diff (rev 1173069769 @ 2023-08-31, prev 2023-07-27)"
2023-08-31,added,STAA,,"derived from wiki revision diff (rev 1173069769 @ 2023-08-31, prev 2023-07-27)"
2023-08-31,added,TFIN,,"derived from wiki revision diff (rev 1173069769 @ 2023-08-31, prev 2023-07-27)"
2023-08-31,added,VTLE,,"derived from wiki revision diff (rev 1173069769 @ 2023-08-31, prev 2023-07-27)"
2023-08-31,added,WKC,,"derived from wiki revision diff (rev 1173069769 @ 2023-08-31, prev 2023-07-27)"
2023-08-31,added,WT,,"derived from wiki revision diff (rev 1173069769 @ 2023-08-31, prev 2023-07-27)"
2023-08-31,removed,AJRD,,"derived from wiki revision diff (rev 1173069769 @ 2023-08-31, prev 2023-07-27)"
2023-08-31,removed,ARNC,,"derived from wiki revision diff (rev 1173069769 @ 2023-08-31, prev 2023-07-27)"
2023-08-31,removed,EBS,,"derived from wiki revision diff (rev 1173069769 @ 2023-08-31, prev 2023-07-27)"
2023-08-31,removed,INT,,"derived from wiki revision diff (rev 1173069769 @ 2023-08-31, prev 2023-07-27)"
2023-08-31,removed,LPI,,"derived from wiki revision diff (rev 1173069769 @ 2023-08-31, prev 2023-07-27)"
2023-08-31,removed,TBK,,"derived from wiki revision diff (rev 1173069769 @ 2023-08-31, prev 2023-07-27)"
2023-08-31,removed,UBA,,"derived from wiki revision diff (rev 1173069769 @ 2023-08-31, prev 2023-07-27)"
2023-08-31,removed,WETF,,"derived from wiki revision diff (rev 1173069769 @ 2023-08-31, prev 2023-07-27)"
2023-09-29,added,APLE,,"derived from wiki revision diff (rev 1177744056 @ 2023-09-29, prev 2023-08-31)"
2023-09-29,added,BXMT,,"derived from wiki revision diff (rev 1177744056 @ 2023-09-29, prev 2023-08-31)"
2023-09-29,added,CATY,,"derived from wiki revision diff (rev 1177744056 @ 2023-09-29, prev 2023-08-31)"
2023-09-29,added,ENR,,"derived from wiki revision diff (rev 1177744056 @ 2023-09-29, prev 2023-08-31)"
2023-09-29,added,FL,,"derived from wiki revision diff (rev 1177744056 @ 2023-09-29, prev 2023-08-31)"
2023-09-29,added,GSHD,,"derived from wiki revision diff (rev 1177744056 @ 2023-09-29, prev 2023-08-31)"
2023-09-29,added,HASI,,"derived from wiki revision diff (rev 1177744056 @ 2023-09-29, prev 2023-08-31)"
2023-09-29,added,HAYW,,"derived from wiki revision diff (rev 1177744056 @ 2023-09-29, prev 2023-08-31)"
2023-09-29,added,HIW,,"derived from wiki revision diff (rev 1177744056 @ 2023-09-29, prev 2023-08-31)"
2023-09-29,added,JBLU,,"derived from wiki revision diff (rev 1177744056 @ 2023-09-29, prev 2023-08-31)"
2023-09-29,added,JXN,,"derived from wiki revision diff (rev 1177744056 @ 2023-09-29, prev 2023-08-31)"
2023-09-29,added,LBRT,,"derived from wiki revision diff (rev 1177744056 @ 2023-09-29, prev 2023-08-31)"
2023-09-29,added,LNC,,"derived from wiki revision diff (rev 1177744056 @ 2023-09-29, prev 2023-08-31)"
2023-09-29,added,MATV,,"derived from wiki revision diff (rev 1177744056 @ 2023-09-29, prev 2023-08-31)"
2023-09-29,added,NWL,,"derived from wiki revision diff (rev 1177744056 @ 2023-09-29, prev 2023-08-31)"
2023-09-29,added,OMCL,,"derived from wiki revision diff (rev 1177744056 @ 2023-09-29, prev 2023-08-31)"
2023-09-29,added,PINC,,"derived from wiki revision diff (rev 1177744056 @ 2023-09-29, prev 2023-08-31)"
2023-09-29,added,PZZA,,"derived from wiki revision diff (rev 1177744056 @ 2023-09-29, prev 2023-08-31)"
2023-09-29,added,SXT,,"derived from wiki revision diff (rev 1177744056 @ 2023-09-29, prev 2023-08-31)"
2023-09-29,added,TRIP,,"derived from wiki revision diff (rev 1177744056 @ 2023-09-29, prev 2023-08-31)"
2023-09-29,added,XRX,,"derived from wiki revision diff (rev 1177744056 @ 2023-09-29, prev 2023-08-31)"
2023-09-29,removed,AAN,,"derived from wiki revision diff (rev 1177744056 @ 2023-09-29, prev 2023-08-31)"
2023-09-29,removed,ANGO,,"derived from wiki revision diff (rev 1177744056 @ 2023-09-29, prev 2023-08-31)"
2023-09-29,removed,ANIK,,"derived from wiki revision diff (rev 1177744056 @ 2023-09-29, prev 2023-08-31)"
2023-09-29,removed,CHRS,,"derived from wiki revision diff (rev 1177744056 @ 2023-09-29, prev 2023-08-31)"
2023-09-29,removed,CIVI,,"derived from wiki revision diff (rev 1177744056 @ 2023-09-29, prev 2023-08-31)"
2023-09-29,removed,CPSI,,"derived from wiki revision diff (rev 1177744056 @ 2023-09-29, prev 2023-08-31)"
2023-09-29,removed,EGHT,,"derived from wiki revision diff (rev 1177744056 @ 2023-09-29, prev 2023-08-31)"
2023-09-29,removed,ENTA,,"derived from wiki revision diff (rev 1177744056 @ 2023-09-29, prev 2023-08-31)"
2023-09-29,removed,FF,,"derived from wiki revision diff (rev 1177744056 @ 2023-09-29, prev 2023-08-31)"
2023-09-29,removed,NEX,,"derived from wiki revision diff (rev 1177744056 @ 2023-09-29, prev 2023-08-31)"
2023-09-29,removed,NTGR,,"derived from wiki revision diff (rev 1177744056 @ 2023-09-29, prev 2023-08-31)"
2023-09-29,removed,NUVA,,"derived from wiki revision diff (rev 1177744056 @ 2023-09-29, prev 2023-08-31)"
2023-09-29,removed,ONL,,"derived from wiki revision diff (rev 1177744056 @ 2023-09-29, prev 2023-08-31)"
2023-09-29,removed,OPI,,"derived from wiki revision diff (rev 1177744056 @ 2023-09-29, prev 2023-08-31)"
2023-09-29,removed,QURE,,"derived from wiki revision diff (rev 1177744056 @ 2023-09-29, prev 2023-08-31)"
2023-09-29,removed,RMAX,,"derived from wiki revision diff (rev 1177744056 @ 2023-09-29, prev 2023-08-31)"
2023-09-29,removed,SWM,,"derived from wiki revision diff (rev 1177744056 @ 2023-09-29, prev 2023-08-31)"
2023-09-29,removed,TSE,,"derived from wiki revision diff (rev 1177744056 @ 2023-09-29, prev 2023-08-31)"
2023-09-29,removed,UVE,,"derived from wiki revision diff (rev 1177744056 @ 2023-09-29, prev 2023-08-31)"
2023-09-29,removed,VNDA,,"derived from wiki revision diff (rev 1177744056 @ 2023-09-29, prev 2023-08-31)"
2023-09-29,removed,ZYXI,,"derived from wiki revision diff (rev 1177744056 @ 2023-09-29, prev 2023-08-31)"
2023-10-23,added,DXC,,"derived from wiki revision diff (rev 1181488317 @ 2023-10-23, prev 2023-09-29)"
2023-10-23,added,KLG,,"derived from wiki revision diff (rev 1181488317 @ 2023-10-23, prev 2023-09-29)"
2023-10-23,added,KSS,,"derived from wiki revision diff (rev 1181488317 @ 2023-10-23, prev 2023-09-29)"
2023-10-23,added,NATL,,"derived from wiki revision diff (rev 1181488317 @ 2023-10-23, prev 2023-09-29)"
2023-10-23,added,OGN,,"derived from wiki revision diff (rev 1181488317 @ 2023-10-23, prev 2023-09-29)"
2023-10-23,added,VICR,,"derived from wiki revision diff (rev 1181488317 @ 2023-10-23, prev 2023-09-29)"
2023-10-23,removed,AVD,,"derived from wiki revision diff (rev 1181488317 @ 2023-10-23, prev 2023-09-29)"
2023-10-23,removed,CIR,,"derived from wiki revision diff (rev 1181488317 @ 2023-10-23, prev 2023-09-29)"
2023-10-23,removed,EBIX,,"derived from wiki revision diff (rev 1181488317 @ 2023-10-23, prev 2023-09-29)"
2023-10-23,removed,HA,,"derived from wiki revision diff (rev 1181488317 @ 2023-10-23, prev 2023-09-29)"
2023-10-23,removed,ITOS,,"derived from wiki revision diff (rev 1181488317 @ 2023-10-23, prev 2023-09-29)"
2023-10-23,removed,ONTO,,"derived from wiki revision diff (rev 1181488317 @ 2023-10-23, prev 2023-09-29)"
2023-11-30,added,ACIW,,"derived from wiki revision diff (rev 1187652645 @ 2023-11-30, prev 2023-10-23)"
2023-11-30,added,AMR,,"derived from wiki revision diff (rev 1187652645 @ 2023-11-30, prev 2023-10-23)"
2023-11-30,added,CWEN,,"derived from wiki revision diff (rev 1187652645 @ 2023-11-30, prev 2023-10-23)"
2023-11-30,added,CWEN.A,,"derived from wiki revision diff (rev 1187652645 @ 2023-11-30, prev 2023-10-23)"
2023-11-30,added,ELME,,"derived from wiki revision diff (rev 1187652645 @ 2023-11-30, prev 2023-10-23)"
2023-11-30,added,ENV,,"derived from wiki revision diff (rev 1187652645 @ 2023-11-30, prev 2023-10-23)"
2023-11-30,added,ICUI,,"derived from wiki revision diff (rev 1187652645 @ 2023-11-30, prev 2023-10-23)"
2023-11-30,added,NVRI,,"derived from wiki revision diff (rev 1187652645 @ 2023-11-30, prev 2023-10-23)"
2023-11-30,added,UPBD,,"derived from wiki revision diff (rev 1187652645 @ 2023-11-30, prev 2023-10-23)"
2023-11-30,added,WOR,,"derived from wiki revision diff (rev 1187652645 @ 2023-11-30, prev 2023-10-23)"
2023-11-30,removed,AVID,,"derived from wiki revision diff (rev 1187652645 @ 2023-11-30, prev 2023-10-23)"
2023-11-30,removed,AVTA,,"derived from wiki revision diff (rev 1187652645 @ 2023-11-30, prev 2023-10-23)"
2023-11-30,removed,HSC,,"derived from wiki revision diff (rev 1187652645 @ 2023-11-30, prev 2023-10-23)"
2023-11-30,removed,NXGN,,"derived from wiki revision diff (rev 1187652645 @ 2023-11-30, prev 2023-10-23)"
2023-11-30,removed,PACW,,"derived from wiki revision diff (rev 1187652645 @ 2023-11-30, prev 2023-10-23)"
2023-11-30,removed,RCII,,"derived from wiki revision diff (rev 1187652645 @ 2023-11-30, prev 2023-10-23)"
2023-11-30,removed,TWNK,,"derived from wiki revision diff (rev 1187652645 @ 2023-11-30, prev 2023-10-23)"
2023-11-30,removed,VRTV,,"derived from wiki revision diff (rev 1187652645 @ 2023-11-30, prev 2023-10-23)"
2023-11-30,removed,WRE,,"derived from wiki revision diff (rev 1187652645 @ 2023-11-30, prev 2023-10-23)"
2023-12-19,added,ALK,,"derived from wiki revision diff (rev 1190743635 @ 2023-12-19, prev 2023-11-30)"
2023-12-19,added,ALKS,,"derived from wiki revision diff (rev 1190743635 @ 2023-12-19, prev 2023-11-30)"
2023-12-19,added,AWI,,"derived from wiki revision diff (rev 1190743635 @ 2023-12-19, prev 2023-11-30)"
2023-12-19,added,MODG,,"derived from wiki revision diff (rev 1190743635 @ 2023-12-19, prev 2023-11-30)"
2023-12-19,added,NHC,,"derived from wiki revision diff (rev 1190743635 @ 2023-12-19, prev 2023-11-30)"
2023-12-19,added,PJT,,"derived from wiki revision diff (rev 1190743635 @ 2023-12-19, prev 2023-11-30)"
2023-12-19,added,SEDG,,"derived from wiki revision diff (rev 1190743635 @ 2023-12-19, prev 2023-11-30)"
2023-12-19,added,SEE,,"derived from wiki revision diff (rev 1190743635 @ 2023-12-19, prev 2023-11-30)"
2023-12-19,added,VSTS,,"derived from wiki revision diff (rev 1190743635 @ 2023-12-19, prev 2023-11-30)"
2023-12-19,added,WS,,"derived from wiki revision diff (rev 1190743635 @ 2023-12-19, prev 2023-11-30)"
2023-12-19,removed,CDMO,,"derived from wiki revision diff (rev 1190743635 @ 2023-12-19, prev 2023-11-30)"
2023-12-19,removed,CLFD,,"derived from wiki revision diff (rev 1190743635 @ 2023-12-19, prev 2023-11-30)"
2023-12-19,removed,CYH,,"derived from wiki revision diff (rev 1190743635 @ 2023-12-19, prev 2023-11-30)"
2023-12-19,removed,FIX,,"derived from wiki revision diff (rev 1190743635 @ 2023-12-19, prev 2023-11-30)"
2023-12-19,removed,IVR,,"derived from wiki revision diff (rev 1190743635 @ 2023-12-19, prev 2023-11-30)"
2023-12-19,removed,JRVR,,"derived from wiki revision diff (rev 1190743635 @ 2023-12-19, prev 2023-11-30)"
2023-12-19,removed,OFIX,,"derived from wiki revision diff (rev 1190743635 @ 2023-12-19, prev 2023-11-30)"
2023-12-19,removed,OSPN,,"derived from wiki revision diff (rev 1190743635 @ 2023-12-19, prev 2023-11-30)"
2023-12-19,removed,RMBS,,"derived from wiki revision diff (rev 1190743635 @ 2023-12-19, prev 2023-11-30)"
2023-12-19,removed,SNBR,,"derived from wiki revision diff (rev 1190743635 @ 2023-12-19, prev 2023-11-30)"
2024-01-24,added,BTU,,"derived from wiki revision diff (rev 1198520786 @ 2024-01-24, prev 2023-12-19)"
2024-01-24,added,PDCO,,"derived from wiki revision diff (rev 1198520786 @ 2024-01-24, prev 2023-12-19)"
2024-01-24,added,RUSHA,,"derived from wiki revision diff (rev 1198520786 @ 2024-01-24, prev 2023-12-19)"
2024-01-24,added,SATS,,"derived from wiki revision diff (rev 1198520786 @ 2024-01-24, prev 2023-12-19)"
2024-01-24,added,VYX,,"derived from wiki revision diff (rev 1198520786 @ 2024-01-24, prev 2023-12-19)"
2024-01-24,removed,CHS,,"derived from wiki revision diff (rev 1198520786 @ 2024-01-24, prev 2023-12-19)"
2024-01-24,removed,DISH,,"derived from wiki revision diff (rev 1198520786 @ 2024-01-24, prev 2023-12-19)"
2024-01-24,removed,ELF,,"derived from wiki revision diff (rev 1198520786 @ 2024-01-24, prev 2023-12-19)"
2024-01-24,removed,LTHM,,"derived from wiki revision diff (rev 1198520786 @ 2024-01-24, prev 2023-12-19)"
2024-01-24,removed,RPT,,"derived from wiki revision diff (rev 1198520786 @ 2024-01-24, prev 2023-12-19)"
2024-03-20,added,AL,,"derived from wiki revision diff (rev 1214663565 @ 2024-03-20, prev 2024-02-21)"
2024-03-20,added,ARCH,,"derived from wiki revision diff (rev 1214663565 @ 2024-03-20, prev 2024-02-21)"
2024-03-20,added,BGC,,"derived from wiki revision diff (rev 1214663565 @ 2024-03-20, prev 2024-02-21)"
2024-03-20,added,BL,,"derived from wiki revision diff (rev 1214663565 @ 2024-03-20, prev 2024-02-21)"
2024-03-20,added,BOX,,"derived from wiki revision diff (rev 1214663565 @ 2024-03-20, prev 2024-02-21)"
2024-03-20,added,CALX,,"derived from wiki revision diff (rev 1214663565 @ 2024-03-20, prev 2024-02-21)"
2024-03-20,added,CXM,,"derived from wiki revision diff (rev 1214663565 @ 2024-03-20, prev 2024-02-21)"
2024-03-20,added,MGEE,,"derived from wiki revision diff (rev 1214663565 @ 2024-03-20, prev 2024-02-21)"
2024-03-20,added,MGY,,"derived from wiki revision diff (rev 1214663565 @ 2024-03-20, prev 2024-02-21)"
2024-03-20,added,MPW,,"derived from wiki revision diff (rev 1214663565 @ 2024-03-20, prev 2024-02-21)"
2024-03-20,removed,AIT,,"derived from wiki revision diff (rev 1214663565 @ 2024-03-20, prev 2024-02-21)"
2024-03-20,removed,APPS,,"derived from wiki revision diff (rev 1214663565 @ 2024-03-20, prev 2024-02-21)"
2024-03-20,removed,CCSI,,"derived from wiki revision diff (rev 1214663565 @ 2024-03-20, prev 2024-02-21)"
2024-03-20,removed,CRMT,,"derived from wiki revision diff (rev 1214663565 @ 2024-03-20, prev 2024-02-21)"
2024-03-20,removed,CYTK,,"derived from wiki revision diff (rev 1214663565 @ 2024-03-20, prev 2024-02-21)"
2024-03-20,removed,FORR,,"derived from wiki revision diff (rev 1214663565 @ 2024-03-20, prev 2024-02-21)"
2024-03-20,removed,IRBT,,"derived from wiki revision diff (rev 1214663565 @ 2024-03-20, prev 2024-02-21)"
2024-03-20,removed,MDRX,,"derived from wiki revision diff (rev 1214663565 @ 2024-03-20, prev 2024-02-21)"
2024-03-20,removed,OIS,,"derived from wiki revision diff (rev 1214663565 @ 2024-03-20, prev 2024-02-21)"
2024-03-20,removed,TBI,,"derived from wiki revision diff (rev 1214663565 @ 2024-03-20, prev 2024-02-21)"
2024-04-24,added,CABO,,"derived from wiki revision diff (rev 1220632411 @ 2024-04-24, prev 2024-03-20)"
2024-04-24,added,CNS,,"derived from wiki revision diff (rev 1220632411 @ 2024-04-24, prev 2024-03-20)"
2024-04-24,added,FOXF,,"derived from wiki revision diff (rev 1220632411 @ 2024-04-24, prev 2024-03-20)"
2024-04-24,added,NARI,,"derived from wiki revision diff (rev 1220632411 @ 2024-04-24, prev 2024-03-20)"
2024-04-24,added,RUN,,"derived from wiki revision diff (rev 1220632411 @ 2024-04-24, prev 2024-03-20)"
2024-04-24,added,VFC,,"derived from wiki revision diff (rev 1220632411 @ 2024-04-24, prev 2024-03-20)"
2024-04-24,removed,CPE,,"derived from wiki revision diff (rev 1220632411 @ 2024-04-24, prev 2024-03-20)"
2024-04-24,removed,KAMN,,"derived from wiki revision diff (rev 1220632411 @ 2024-04-24, prev 2024-03-20)"
2024-04-24,removed,MDC,,"derived from wiki revision diff (rev 1220632411 @ 2024-04-24, prev 2024-03-20)"
2024-04-24,removed,MODV,,"derived from wiki revision diff (rev 1220632411 @ 2024-04-24, prev 2024-03-20)"
2024-04-24,removed,PGTI,,"derived from wiki revision diff (rev 1220632411 @ 2024-04-24, prev 2024-03-20)"
2024-04-24,removed,SSP,,"derived from wiki revision diff (rev 1220632411 @ 2024-04-24, prev 2024-03-20)"
2024-05-14,added,ASTH,,"derived from wiki revision diff (rev 1223794075 @ 2024-05-14, prev 2024-04-24)"
2024-05-14,added,DOCN,,"derived from wiki revision diff (rev 1223794075 @ 2024-05-14, prev 2024-04-24)"
2024-05-14,added,IAC,,"derived from wiki revision diff (rev 1223794075 @ 2024-05-14, prev 2024-04-24)"
2024-05-14,added,MARA,,"derived from wiki revision diff (rev 1223794075 @ 2024-05-14, prev 2024-04-24)"
2024-05-14,added,MTUS,,"derived from wiki revision diff (rev 1223794075 @ 2024-05-14, prev 2024-04-24)"
2024-05-14,removed,AAON,,"derived from wiki revision diff (rev 1223794075 @ 2024-05-14, prev 2024-04-24)"
2024-05-14,removed,AEL,,"derived from wiki revision diff (rev 1223794075 @ 2024-05-14, prev 2024-04-24)"
2024-05-14,removed,AGTI,,"derived from wiki revision diff (rev 1223794075 @ 2024-05-14, prev 2024-04-24)"
2024-05-14,removed,AMEH,,"derived from wiki revision diff (rev 1223794075 @ 2024-05-14, prev 2024-04-24)"
2024-05-14,removed,TMST,,"derived from wiki revision diff (rev 1223794075 @ 2024-05-14, prev 2024-04-24)"
2024-07-22,added,CMA,,"derived from wiki revision diff (rev 1236024975 @ 2024-07-22, prev 2024-06-25)"
2024-07-22,added,GO,,"derived from wiki revision diff (rev 1236024975 @ 2024-07-22, prev 2024-06-25)"
2024-07-22,added,GTES,,"derived from wiki revision diff (rev 1236024975 @ 2024-07-22, prev 2024-06-25)"
2024-07-22,added,HTZ,,"derived from wiki revision diff (rev 1236024975 @ 2024-07-22, prev 2024-06-25)"
2024-07-22,added,IART,,"derived from wiki revision diff (rev 1236024975 @ 2024-07-22, prev 2024-06-25)"
2024-07-22,added,KRYS,,"derived from wiki revision diff (rev 1236024975 @ 2024-07-22, prev 2024-06-25)"
2024-07-22,added,LEG,,"derived from wiki revision diff (rev 1236024975 @ 2024-07-22, prev 2024-06-25)"
2024-07-22,added,PENN,,"derived from wiki revision diff (rev 1236024975 @ 2024-07-22, prev 2024-06-25)"
2024-07-22,added,PTGX,,"derived from wiki revision diff (rev 1236024975 @ 2024-07-22, prev 2024-06-25)"
2024-07-22,added,RHI,,"derived from wiki revision diff (rev 1236024975 @ 2024-07-22, prev 2024-06-25)"
2024-07-22,added,STEP,,"derived from wiki revision diff (rev 1236024975 @ 2024-07-22, prev 2024-06-25)"
2024-07-22,added,TDW,,"derived from wiki revision diff (rev 1236024975 @ 2024-07-22, prev 2024-06-25)"
2024-07-22,added,VIRT,,"derived from wiki revision diff (rev 1236024975 @ 2024-07-22, prev 2024-06-25)"
2024-07-22,added,WERN,,"derived from wiki revision diff (rev 1236024975 @ 2024-07-22, prev 2024-06-25)"
2024-07-22,added,WHD,,"derived from wiki revision diff (rev 1236024975 @ 2024-07-22, prev 2024-06-25)"
2024-07-22,removed,ADTN,,"derived from wiki revision diff (rev 1236024975 @ 2024-07-22, prev 2024-06-25)"
2024-07-22,removed,ANF,,"derived from wiki revision diff (rev 1236024975 @ 2024-07-22, prev 2024-06-25)"
2024-07-22,removed,ATNI,,"derived from wiki revision diff (rev 1236024975 @ 2024-07-22, prev 2024-06-25)"
2024-07-22,removed,CLDT,,"derived from wiki revision diff (rev 1236024975 @ 2024-07-22, prev 2024-06-25)"
2024-07-22,removed,CRNC,,"derived from wiki revision diff (rev 1236024975 @ 2024-07-22, prev 2024-06-25)"
2024-07-22,removed,HOUS,,"derived from wiki revision diff (rev 1236024975 @ 2024-07-22, prev 2024-06-25)"
2024-07-22,removed,MCS,,"derived from wiki revision diff (rev 1236024975 @ 2024-07-22, prev 2024-06-25)"
2024-07-22,removed,MED,,"derived from wiki revision diff (rev 1236024975 @ 2024-07-22, prev 2024-06-25)"
2024-07-22,removed,MEI,,"derived from wiki revision diff (rev 1236024975 @ 2024-07-22, prev 2024-06-25)"
2024-07-22,removed,NFBK,,"derived from wiki revision diff (rev 1236024975 @ 2024-07-22, prev 2024-06-25)"
2024-07-22,removed,OSUR,,"derived from wiki revision diff (rev 1236024975 @ 2024-07-22, prev 2024-06-25)"
2024-07-22,removed,RGP,,"derived from wiki revision diff (rev 1236024975 @ 2024-07-22, prev 2024-06-25)"
2024-07-22,removed,TTEC,,"derived from wiki revision diff (rev 1236024975 @ 2024-07-22, prev 2024-06-25)"
2024-07-22,removed,WIRE,,"derived from wiki revision diff (rev 1236024975 @ 2024-07-22, prev 2024-06-25)"
2024-07-22,removed,XPER,,"derived from wiki revision diff (rev 1236024975 @ 2024-07-22, prev 2024-06-25)"
2024-08-30,added,FUN,,"derived from wiki revision diff (rev 1243032985 @ 2024-08-30, prev 2024-07-22)"
2024-08-30,added,QDEL,,"derived from wiki revision diff (rev 1243032985 @ 2024-08-30, prev 2024-07-22)"
2024-08-30,added,SNDR,,"derived from wiki revision diff (rev 1243032985 @ 2024-08-30, prev 2024-07-22)"
2024-08-30,added,SWI,,"derived from wiki revision diff (rev 1243032985 @ 2024-08-30, prev 2024-07-22)"
2024-08-30,removed,HIBB,,"derived from wiki revision diff (rev 1243032985 @ 2024-08-30, prev 2024-07-22)"
2024-08-30,removed,SIX,,"derived from wiki revision diff (rev 1243032985 @ 2024-08-30, prev 2024-07-22)"
2024-08-30,removed,SLCA,,"derived from wiki revision diff (rev 1243032985 @ 2024-08-30, prev 2024-07-22)"
2024-08-30,removed,SPWR,,"derived from wiki revision diff (rev 1243032985 @ 2024-08-30, prev 2024-07-22)"
2024-09-27,added,ADMA,,"derived from wiki revision diff (rev 1248000289 @ 2024-09-27, prev 2024-08-30)"
2024-09-27,added,ADNT,,"derived from wiki revision diff (rev 1248000289 @ 2024-09-27, prev 2024-08-30)"
2024-09-27,added,CSWI,,"derived from wiki revision diff (rev 1248000289 @ 2024-09-27, prev 2024-08-30)"
2024-09-27,added,ETSY,,"derived from wiki revision diff (rev 1248000289 @ 2024-09-27, prev 2024-08-30)"
2024-09-27,added,HELE,,"derived from wiki revision diff (rev 1248000289 @ 2024-09-27, prev 2024-08-30)"
2024-09-27,added,INSP,,"derived from wiki revision diff (rev 1248000289 @ 2024-09-27, prev 2024-08-30)"
2024-09-27,added,MP,,"derived from wiki revision diff (rev 1248000289 @ 2024-09-27, prev 2024-08-30)"
2024-09-27,added,PGNY,,"derived from wiki revision diff (rev 1248000289 @ 2024-09-27, prev 2024-08-30)"
2024-09-27,added,PI,,"derived from wiki revision diff (rev 1248000289 @ 2024-09-27, prev 2024-08-30)"
2024-09-27,added,TGNA,,"derived from wiki revision diff (rev 1248000289 @ 2024-09-27, prev 2024-08-30)"
2024-09-27,added,TGTX,,"derived from wiki revision diff (rev 1248000289 @ 2024-09-27, prev 2024-08-30)"
2024-09-27,added,WOLF,,"derived from wiki revision diff (rev 1248000289 @ 2024-09-27, prev 2024-08-30)"
2024-09-27,added,YOU,,"derived from wiki revision diff (rev 1248000289 @ 2024-09-27, prev 2024-08-30)"
2024-09-27,added,ZD,,"derived from wiki revision diff (rev 1248000289 @ 2024-09-27, prev 2024-08-30)"
2024-09-27,added,ZWS,,"derived from wiki revision diff (rev 1248000289 @ 2024-09-27, prev 2024-08-30)"
2024-09-27,removed,AMCX,,"derived from wiki revision diff (rev 1248000289 @ 2024-09-27, prev 2024-08-30)"
2024-09-27,removed,CHCT,,"derived from wiki revision diff (rev 1248000289 @ 2024-09-27, prev 2024-08-30)"
2024-09-27,removed,CMP,,"derived from wiki revision diff (rev 1248000289 @ 2024-09-27, prev 2024-08-30)"
2024-09-27,removed,CVGW,,"derived from wiki revision diff (rev 1248000289 @ 2024-09-27, prev 2024-08-30)"
2024-09-27,removed,DBI,,"derived from wiki revision diff (rev 1248000289 @ 2024-09-27, prev 2024-08-30)"
2024-09-27,removed,DDD,,"derived from wiki revision diff (rev 1248000289 @ 2024-09-27, prev 2024-08-30)"
2024-09-27,removed,DIN,,"derived from wiki revision diff (rev 1248000289 @ 2024-09-27, prev 2024-08-30)"
2024-09-27,removed,EHAB,,"derived from wiki revision diff (rev 1248000289 @ 2024-09-27, prev 2024-08-30)"
2024-09-27,removed,FN,,"derived from wiki revision diff (rev 1248000289 @ 2024-09-27, prev 2024-08-30)"
2024-09-27,removed,HVT,,"derived from wiki revision diff (rev 1248000289 @ 2024-09-27, prev 2024-08-30)"
2024-09-27,removed,MERC,,"derived from wiki revision diff (rev 1248000289 @ 2024-09-27, prev 2024-08-30)"
2024-09-27,removed,NUS,,"derived from wiki revision diff (rev 1248000289 @ 2024-09-27, prev 2024-08-30)"
2024-09-27,removed,RILY,,"derived from wiki revision diff (rev 1248000289 @ 2024-09-27, prev 2024-08-30)"
2024-09-27,removed,VREX,,"derived from wiki revision diff (rev 1248000289 @ 2024-09-27, prev 2024-08-30)"
2024-09-27,removed,ZEUS,,"derived from wiki revision diff (rev 1248000289 @ 2024-09-27, prev 2024-08-30)"
2024-10-26,added,BBWI,,"derived from wiki revision diff (rev 1253507624 @ 2024-10-26, prev 2024-09-27)"
2024-10-26,added,CRGY,,"derived from wiki revision diff (rev 1253507624 @ 2024-10-26, prev 2024-09-27)"
2024-10-26,added,CURB,,"derived from wiki revision diff (rev 1253507624 @ 2024-10-26, prev 2024-09-27)"
2024-10-26,added,HIMS,,"derived from wiki revision diff (rev 1253507624 @ 2024-10-26, prev 2024-09-27)"
2024-10-26,added,MDU,,"derived from wiki revision diff (rev 1253507624 @ 2024-10-26, prev 2024-09-27)"
2024-10-26,added,TMDX,,"derived from wiki revision diff (rev 1253507624 @ 2024-10-26, prev 2024-09-27)"
2024-10-26,removed,CCRN,,"derived from wiki revision diff (rev 1253507624 @ 2024-10-26, prev 2024-09-27)"
2024-10-26,removed,CHUY,,"derived from wiki revision diff (rev 1253507624 @ 2024-10-26, prev 2024-09-27)"
2024-10-26,removed,ENSG,,"derived from wiki revision diff (rev 1253507624 @ 2024-10-26, prev 2024-09-27)"
2024-10-26,removed,MOV,,"derived from wiki revision diff (rev 1253507624 @ 2024-10-26, prev 2024-09-27)"
2024-10-26,removed,PRFT,,"derived from wiki revision diff (rev 1253507624 @ 2024-10-26, prev 2024-09-27)"
2024-10-26,removed,VGR,,"derived from wiki revision diff (rev 1253507624 @ 2024-10-26, prev 2024-09-27)"
2024-11-28,added,AESI,,"derived from wiki revision diff (rev 1260069478 @ 2024-11-28, prev 2024-10-26)"
2024-11-28,added,AZTA,,"derived from wiki revision diff (rev 1260069478 @ 2024-11-28, prev 2024-10-26)"
2024-11-28,added,CON,,"derived from wiki revision diff (rev 1260069478 @ 2024-11-28, prev 2024-10-26)"
2024-11-28,added,DFH,,"derived from wiki revision diff (rev 1260069478 @ 2024-11-28, prev 2024-10-26)"
2024-11-28,added,ECG,,"derived from wiki revision diff (rev 1260069478 @ 2024-11-28, prev 2024-10-26)"
2024-11-28,removed,CLW,,"derived from wiki revision diff (rev 1260069478 @ 2024-11-28, prev 2024-10-26)"
2024-11-28,removed,ENV,,"derived from wiki revision diff (rev 1260069478 @ 2024-11-28, prev 2024-10-26)"
2024-11-28,removed,HAYN,,"derived from wiki revision diff (rev 1260069478 @ 2024-11-28, prev 2024-10-26)"
2024-11-28,removed,MLI,,"derived from wiki revision diff (rev 1260069478 @ 2024-11-28, prev 2024-10-26)"
2024-11-28,removed,MYE,,"derived from wiki revision diff (rev 1260069478 @ 2024-11-28, prev 2024-10-26)"
2025-01-27,added,ACAD,,"derived from wiki revision diff (rev 1272218456 @ 2025-01-27, prev 2024-12-30)"
2025-01-27,added,AMTM,,"derived from wiki revision diff (rev 1272218456 @ 2025-01-27, prev 2024-12-30)"
2025-01-27,added,ARWR,,"derived from wiki revision diff (rev 1272218456 @ 2025-01-27, prev 2024-12-30)"
2025-01-27,added,CNR,,"derived from wiki revision diff (rev 1272218456 @ 2025-01-27, prev 2024-12-30)"
2025-01-27,added,CRI,,"derived from wiki revision diff (rev 1272218456 @ 2025-01-27, prev 2024-12-30)"
2025-01-27,added,ENOV,,"derived from wiki revision diff (rev 1272218456 @ 2025-01-27, prev 2024-12-30)"
2025-01-27,added,GDYN,,"derived from wiki revision diff (rev 1272218456 @ 2025-01-27, prev 2024-12-30)"
2025-01-27,added,INSW,,"derived from wiki revision diff (rev 1272218456 @ 2025-01-27, prev 2024-12-30)"
2025-01-27,added,QRVO,,"derived from wiki revision diff (rev 1272218456 @ 2025-01-27, prev 2024-12-30)"
2025-01-27,added,SKY,,"derived from wiki revision diff (rev 1272218456 @ 2025-01-27, prev 2024-12-30)"
2025-01-27,added,TRNO,,"derived from wiki revision diff (rev 1272218456 @ 2025-01-27, prev 2024-12-30)"
2025-01-27,added,VSH,,"derived from wiki revision diff (rev 1272218456 @ 2025-01-27, prev 2024-12-30)"
2025-01-27,removed,ARCH,,"derived from wiki revision diff (rev 1272218456 @ 2025-01-27, prev 2024-12-30)"
2025-01-27,removed,B,,"derived from wiki revision diff (rev 1272218456 @ 2025-01-27, prev 2024-12-30)"
2025-01-27,removed,CEIX,,"derived from wiki revision diff (rev 1272218456 @ 2025-01-27, prev 2024-12-30)"
2025-01-27,removed,CMA,,"derived from wiki revision diff (rev 1272218456 @ 2025-01-27, prev 2024-12-30)"
2025-01-27,removed,CNSL,,"derived from wiki revision diff (rev 1272218456 @ 2025-01-27, prev 2024-12-30)"
2025-01-27,removed,CRS,,"derived from wiki revision diff (rev 1272218456 @ 2025-01-27, prev 2024-12-30)"
2025-01-27,removed,HPP,,"derived from wiki revision diff (rev 1272218456 @ 2025-01-27, prev 2024-12-30)"
2025-01-27,removed,IBTX,,"derived from wiki revision diff (rev 1272218456 @ 2025-01-27, prev 2024-12-30)"
2025-01-27,removed,KELYA,,"derived from wiki revision diff (rev 1272218456 @ 2025-01-27, prev 2024-12-30)"
2025-01-27,removed,RGNX,,"derived from wiki revision diff (rev 1272218456 @ 2025-01-27, prev 2024-12-30)"
2025-01-27,removed,SVC,,"derived from wiki revision diff (rev 1272218456 @ 2025-01-27, prev 2024-12-30)"
2025-01-27,removed,VSTO,,"derived from wiki revision diff (rev 1272218456 @ 2025-01-27, prev 2024-12-30)"
2025-02-25,added,GOLF,,"derived from wiki revision diff (rev 1277554950 @ 2025-02-25, prev 2025-01-27)"
2025-02-25,added,KAI,,"derived from wiki revision diff (rev 1277554950 @ 2025-02-25, prev 2025-01-27)"
2025-02-25,added,MRP,,"derived from wiki revision diff (rev 1277554950 @ 2025-02-25, prev 2025-01-27)"
2025-02-25,added,SNDK,,"derived from wiki revision diff (rev 1277554950 @ 2025-02-25, prev 2025-01-27)"
2025-02-25,removed,IRWD,,"derived from wiki revision diff (rev 1277554950 @ 2025-02-25, prev 2025-01-27)"
2025-02-25,removed,LESL,,"derived from wiki revision diff (rev 1277554950 @ 2025-02-25, prev 2025-01-27)"
2025-02-25,removed,NARI,,"derived from wiki revision diff (rev 1277554950 @ 2025-02-25, prev 2025-01-27)"
2025-02-25,removed,ROIC,,"derived from wiki revision diff (rev 1277554950 @ 2025-02-25, prev 2025-01-27)"
2025-03-26,added,BWA,,"derived from wiki revision diff (rev 1282499305 @ 2025-03-26, prev 2025-02-25)"
2025-03-26,added,CC,,"derived from wiki revision diff (rev 1282499305 @ 2025-03-26, prev 2025-02-25)"
2025-03-26,added,CE,,"derived from wiki revision diff (rev 1282499305 @ 2025-03-26, prev 2025-02-25)"
2025-03-26,added,CLSK,,"derived from wiki revision diff (rev 1282499305 @ 2025-03-26, prev 2025-02-25)"
2025-03-26,added,ESI,,"derived from wiki revision diff (rev 1282499305 @ 2025-03-26, prev 2025-02-25)"
2025-03-26,added,FMC,,"derived from wiki revision diff (rev 1282499305 @ 2025-03-26, prev 2025-02-25)"
2025-03-26,added,FRPT,,"derived from wiki revision diff (rev 1282499305 @ 2025-03-26, prev 2025-02-25)"
2025-03-26,added,KTOS,,"derived from wiki revision diff (rev 1282499305 @ 2025-03-26, prev 2025-02-25)"
2025-03-26,added,MWA,,"derived from wiki revision diff (rev 1282499305 @ 2025-03-26, prev 2025-02-25)"
2025-03-26,added,NEOG,,"derived from wiki revision diff (rev 1282499305 @ 2025-03-26, prev 2025-02-25)"
2025-03-26,added,RHP,,"derived from wiki revision diff (rev 1282499305 @ 2025-03-26, prev 2025-02-25)"
2025-03-26,added,TDC,,"derived from wiki revision diff (rev 1282499305 @ 2025-03-26, prev 2025-02-25)"
2025-03-26,added,TFX,,"derived from wiki revision diff (rev 1282499305 @ 2025-03-26, prev 2025-02-25)"
2025-03-26,added,WSC,,"derived from wiki revision diff (rev 1282499305 @ 2025-03-26, prev 2025-02-25)"
2025-03-26,removed,ALK,,"derived from wiki revision diff (rev 1282499305 @ 2025-03-26, prev 2025-02-25)"
2025-03-26,removed,AMBC,,"derived from wiki revision diff (rev 1282499305 @ 2025-03-26, prev 2025-02-25)"
2025-03-26,removed,ATI,,"derived from wiki revision diff (rev 1282499305 @ 2025-03-26, prev 2025-02-25)"
2025-03-26,removed,BBWI,,"derived from wiki revision diff (rev 1282499305 @ 2025-03-26, prev 2025-02-25)"
2025-03-26,removed,FLGT,,"derived from wiki revision diff (rev 1282499305 @ 2025-03-26, prev 2025-02-25)"
2025-03-26,removed,GDOT,,"derived from wiki revision diff (rev 1282499305 @ 2025-03-26, prev 2025-02-25)"
2025-03-26,removed,GPRE,,"derived from wiki revision diff (rev 1282499305 @ 2025-03-26, prev 2025-02-25)"
2025-03-26,removed,HAIN,,"derived from wiki revision diff (rev 1282499305 @ 2025-03-26, prev 2025-02-25)"
2025-03-26,removed,HIMS,,"derived from wiki revision diff (rev 1282499305 @ 2025-03-26, prev 2025-02-25)"
2025-03-26,removed,MATV,,"derived from wiki revision diff (rev 1282499305 @ 2025-03-26, prev 2025-02-25)"
2025-03-26,removed,NBR,,"derived from wiki revision diff (rev 1282499305 @ 2025-03-26, prev 2025-02-25)"
2025-03-26,removed,SATS,,"derived from wiki revision diff (rev 1282499305 @ 2025-03-26, prev 2025-02-25)"
2025-03-26,removed,VFC,,"derived from wiki revision diff (rev 1282499305 @ 2025-03-26, prev 2025-02-25)"
2025-03-26,removed,WNC,,"derived from wiki revision diff (rev 1282499305 @ 2025-03-26, prev 2025-02-25)"
2025-04-17,added,ACT,,"derived from wiki revision diff (rev 1286073340 @ 2025-04-17, prev 2025-03-26)"
2025-04-17,added,ANGI,,"derived from wiki revision diff (rev 1286073340 @ 2025-04-17, prev 2025-03-26)"
2025-04-17,added,STRL,,"derived from wiki revision diff (rev 1286073340 @ 2025-04-17, prev 2025-03-26)"
2025-04-17,removed,ODP,,"derived from wiki revision diff (rev 1286073340 @ 2025-04-17, prev 2025-03-26)"
2025-04-17,removed,PDCO,,"derived from wiki revision diff (rev 1286073340 @ 2025-04-17, prev 2025-03-26)"
2025-04-17,removed,SWI,,"derived from wiki revision diff (rev 1286073340 @ 2025-04-17, prev 2025-03-26)"
2025-07-29,added,PRSU,,"derived from wiki revision diff (rev 1303179338 @ 2025-07-29, prev 2025-06-25)"
2025-07-29,added,RAL,,"derived from wiki revision diff (rev 1303179338 @ 2025-07-29, prev 2025-06-25)"
2025-07-29,added,VCTR,,"derived from wiki revision diff (rev 1303179338 @ 2025-07-29, prev 2025-06-25)"
2025-07-29,added,VCYT,,"derived from wiki revision diff (rev 1303179338 @ 2025-07-29, prev 2025-06-25)"
2025-07-29,removed,AVAV,,"derived from wiki revision diff (rev 1303179338 @ 2025-07-29, prev 2025-06-25)"
2025-07-29,removed,TGI,,"derived from wiki revision diff (rev 1303179338 @ 2025-07-29, prev 2025-06-25)"
2025-07-29,removed,VVI,,"derived from wiki revision diff (rev 1303179338 @ 2025-07-29, prev 2025-06-25)"
2025-07-29,removed,WOLF,,"derived from wiki revision diff (rev 1303179338 @ 2025-07-29, prev 2025-06-25)"
2025-08-21,added,CSW,,"derived from wiki revision diff (rev 1307082362 @ 2025-08-21, prev 2025-07-29)"
2025-08-21,added,HTO,,"derived from wiki revision diff (rev 1307082362 @ 2025-08-21, prev 2025-07-29)"
2025-08-21,added,INVX,,"derived from wiki revision diff (rev 1307082362 @ 2025-08-21, prev 2025-07-29)"
2025-08-21,added,JBTM,,"derived from wiki revision diff (rev 1307082362 @ 2025-08-21, prev 2025-07-29)"
2025-08-21,added,KGS,,"derived from wiki revision diff (rev 1307082362 @ 2025-08-21, prev 2025-07-29)"
2025-08-21,added,PENG,,"derived from wiki revision diff (rev 1307082362 @ 2025-08-21, prev 2025-07-29)"
2025-08-21,removed,CSWI,,"derived from wiki revision diff (rev 1307082362 @ 2025-08-21, prev 2025-07-29)"
2025-08-21,removed,DRQ,,"derived from wiki revision diff (rev 1307082362 @ 2025-08-21, prev 2025-07-29)"
2025-08-21,removed,JBT,,"derived from wiki revision diff (rev 1307082362 @ 2025-08-21, prev 2025-07-29)"
2025-08-21,removed,NVEE,,"derived from wiki revision diff (rev 1307082362 @ 2025-08-21, prev 2025-07-29)"
2025-08-21,removed,SGH,,"derived from wiki revision diff (rev 1307082362 @ 2025-08-21, prev 2025-07-29)"
2025-08-21,removed,SJW,,"derived from wiki revision diff (rev 1307082362 @ 2025-08-21, prev 2025-07-29)"
2025-09-29,added,AAMI,,"derived from wiki revision diff (rev 1314021341 @ 2025-09-29, prev 2025-08-21)"
2025-09-29,added,ACHC,,"derived from wiki revision diff (rev 1314021341 @ 2025-09-29, prev 2025-08-21)"
2025-09-29,added,ADAM,,"derived from wiki revision diff (rev 1314021341 @ 2025-09-29, prev 2025-08-21)"
2025-09-29,added,BBT,,"derived from wiki revision diff (rev 1314021341 @ 2025-09-29, prev 2025-08-21)"
2025-09-29,added,CZR,,"derived from wiki revision diff (rev 1314021341 @ 2025-09-29, prev 2025-08-21)"
2025-09-29,added,ENPH,,"derived from wiki revision diff (rev 1314021341 @ 2025-09-29, prev 2025-08-21)"
2025-09-29,added,HL,,"derived from wiki revision diff (rev 1314021341 @ 2025-09-29, prev 2025-08-21)"
2025-09-29,added,KNTK,,"derived from wiki revision diff (rev 1314021341 @ 2025-09-29, prev 2025-08-21)"
2025-09-29,added,MAN,,"derived from wiki revision diff (rev 1314021341 @ 2025-09-29, prev 2025-08-21)"
2025-09-29,added,MIR,,"derived from wiki revision diff (rev 1314021341 @ 2025-09-29, prev 2025-08-21)"
2025-09-29,added,MKTX,,"derived from wiki revision diff (rev 1314021341 @ 2025-09-29, prev 2025-08-21)"
2025-09-29,added,NE,,"derived from wiki revision diff (rev 1314021341 @ 2025-09-29, prev 2025-08-21)"
2025-09-29,added,PRKS,,"derived from wiki revision diff (rev 1314021341 @ 2025-09-29, prev 2025-08-21)"
2025-09-29,added,QTWO,,"derived from wiki revision diff (rev 1314021341 @ 2025-09-29, prev 2025-08-21)"
2025-09-29,added,REYN,,"derived from wiki revision diff (rev 1314021341 @ 2025-09-29, prev 2025-08-21)"
2025-09-29,added,SRPT,,"derived from wiki revision diff (rev 1314021341 @ 2025-09-29, prev 2025-08-21)"
2025-09-29,added,UCB,,"derived from wiki revision diff (rev 1314021341 @ 2025-09-29, prev 2025-08-21)"
2025-09-29,added,WAY,,"derived from wiki revision diff (rev 1314021341 @ 2025-09-29, prev 2025-08-21)"
2025-09-29,added,WEN,,"derived from wiki revision diff (rev 1314021341 @ 2025-09-29, prev 2025-08-21)"
2025-09-29,removed,BGS,,"derived from wiki revision diff (rev 1314021341 @ 2025-09-29, prev 2025-08-21)"
2025-09-29,removed,BHLB,,"derived from wiki revision diff (rev 1314021341 @ 2025-09-29, prev 2025-08-21)"
2025-09-29,removed,BRKL,,"derived from wiki revision diff (rev 1314021341 @ 2025-09-29, prev 2025-08-21)"
2025-09-29,removed,BSIG,,"derived from wiki revision diff (rev 1314021341 @ 2025-09-29, prev 2025-08-21)"
2025-09-29,removed,FL,,"derived from wiki revision diff (rev 1314021341 @ 2025-09-29, prev 2025-08-21)"
2025-09-29,removed,GMS,,"derived from wiki revision diff (rev 1314021341 @ 2025-09-29, prev 2025-08-21)"
2025-09-29,removed,JACK,,"derived from wiki revision diff (rev 1314021341 @ 2025-09-29, prev 2025-08-21)"
2025-09-29,removed,KLG,,"derived from wiki revision diff (rev 1314021341 @ 2025-09-29, prev 2025-08-21)"
2025-09-29,removed,KTOS,,"derived from wiki revision diff (rev 1314021341 @ 2025-09-29, prev 2025-08-21)"
2025-09-29,removed,MLAB,,"derived from wiki revision diff (rev 1314021341 @ 2025-09-29, prev 2025-08-21)"
2025-09-29,removed,MP,,"derived from wiki revision diff (rev 1314021341 @ 2025-09-29, prev 2025-08-21)"
2025-09-29,removed,NYMT,,"derived from wiki revision diff (rev 1314021341 @ 2025-09-29, prev 2025-08-21)"
2025-09-29,removed,OMI,,"derived from wiki revision diff (rev 1314021341 @ 2025-09-29, prev 2025-08-21)"
2025-09-29,removed,PPBI,,"derived from wiki revision diff (rev 1314021341 @ 2025-09-29, prev 2025-08-21)"
2025-09-29,removed,PUMP,,"derived from wiki revision diff (rev 1314021341 @ 2025-09-29, prev 2025-08-21)"
2025-09-29,removed,SLP,,"derived from wiki revision diff (rev 1314021341 @ 2025-09-29, prev 2025-08-21)"
2025-09-29,removed,SPTN,,"derived from wiki revision diff (rev 1314021341 @ 2025-09-29, prev 2025-08-21)"
2025-09-29,removed,TTGT,,"derived from wiki revision diff (rev 1314021341 @ 2025-09-29, prev 2025-08-21)"
2025-09-29,removed,UCBI,,"derived from wiki revision diff (rev 1314021341 @ 2025-09-29, prev 2025-08-21)"
2025-09-29,removed,XRX,,"derived from wiki revision diff (rev 1314021341 @ 2025-09-29, prev 2025-08-21)"
2025-10-28,added,BTSG,,"derived from wiki revision diff (rev 1319199419 @ 2025-10-28, prev 2025-09-29)"
2025-10-28,added,WU,,"derived from wiki revision diff (rev 1319199419 @ 2025-10-28, prev 2025-09-29)"
2025-10-28,removed,COOP,,"derived from wiki revision diff (rev 1319199419 @ 2025-10-28, prev 2025-09-29)"
2025-10-28,removed,VBTX,,"derived from wiki revision diff (rev 1319199419 @ 2025-10-28, prev 2025-09-29)"
2025-11-24,added,ACMR,,"derived from wiki revision diff (rev 1323940398 @ 2025-11-24, prev 2025-10-28)"
2025-11-24,added,EMN,,"derived from wiki revision diff (rev 1323940398 @ 2025-11-24, prev 2025-10-28)"
2025-11-24,added,KMX,,"derived from wiki revision diff (rev 1323940398 @ 2025-11-24, prev 2025-10-28)"
2025-11-24,added,RRR,,"derived from wiki revision diff (rev 1323940398 @ 2025-11-24, prev 2025-10-28)"
2025-11-24,removed,CAL,,"derived from wiki revision diff (rev 1323940398 @ 2025-11-24, prev 2025-10-28)"
2025-11-24,removed,STRL,,"derived from wiki revision diff (rev 1323940398 @ 2025-11-24, prev 2025-10-28)"
2025-11-24,removed,USNA,,"derived from wiki revision diff (rev 1323940398 @ 2025-11-24, prev 2025-10-28)"
2025-12-23,added,CWST,,"derived from wiki revision diff (rev 1329058715 @ 2025-12-23, prev 2025-11-24)"
2025-12-23,added,FIBK,,"derived from wiki revision diff (rev 1329058715 @ 2025-12-23, prev 2025-11-24)"
2025-12-23,added,HE,,"derived from wiki revision diff (rev 1329058715 @ 2025-12-23, prev 2025-11-24)"
2025-12-23,added,INDV,,"derived from wiki revision diff (rev 1329058715 @ 2025-12-23, prev 2025-11-24)"
2025-12-23,added,IRDM,,"derived from wiki revision diff (rev 1329058715 @ 2025-12-23, prev 2025-11-24)"
2025-12-23,added,LKQ,,"derived from wiki revision diff (rev 1329058715 @ 2025-12-23, prev 2025-11-24)"
2025-12-23,added,MHK,,"derived from wiki revision diff (rev 1329058715 @ 2025-12-23, prev 2025-11-24)"
2025-12-23,added,NSP,,"derived from wiki revision diff (rev 1329058715 @ 2025-12-23, prev 2025-11-24)"
2025-12-23,added,POWI,,"derived from wiki revision diff (rev 1329058715 @ 2025-12-23, prev 2025-11-24)"
2025-12-23,added,PRGO,,"derived from wiki revision diff (rev 1329058715 @ 2025-12-23, prev 2025-11-24)"
2025-12-23,added,PRIM,,"derived from wiki revision diff (rev 1329058715 @ 2025-12-23, prev 2025-11-24)"
2025-12-23,added,PTCT,,"derived from wiki revision diff (rev 1329058715 @ 2025-12-23, prev 2025-11-24)"
2025-12-23,added,SEZL,,"derived from wiki revision diff (rev 1329058715 @ 2025-12-23, prev 2025-11-24)"
2025-12-23,added,SOLS,,"derived from wiki revision diff (rev 1329058715 @ 2025-12-23, prev 2025-11-24)"
2025-12-23,added,UA,,"derived from wiki revision diff (rev 1329058715 @ 2025-12-23, prev 2025-11-24)"
2025-12-23,added,UAA,,"derived from wiki revision diff (rev 1329058715 @ 2025-12-23, prev 2025-11-24)"
2025-12-23,added,UPWK,,"derived from wiki revision diff (rev 1329058715 @ 2025-12-23, prev 2025-11-24)"
2025-12-23,added,VAC,,"derived from wiki revision diff (rev 1329058715 @ 2025-12-23, prev 2025-11-24)"
2025-12-23,added,VITL,,"derived from wiki revision diff (rev 1329058715 @ 2025-12-23, prev 2025-11-24)"
2025-12-23,removed,ASIX,,"derived from wiki revision diff (rev 1329058715 @ 2025-12-23, prev 2025-11-24)"
2025-12-23,removed,BWA,,"derived from wiki revision diff (rev 1329058715 @ 2025-12-23, prev 2025-11-24)"
2025-12-23,removed,CEVA,,"derived from wiki revision diff (rev 1329058715 @ 2025-12-23, prev 2025-11-24)"
2025-12-23,removed,DY,,"derived from wiki revision diff (rev 1329058715 @ 2025-12-23, prev 2025-11-24)"
2025-12-23,removed,HBI,,"derived from wiki revision diff (rev 1329058715 @ 2025-12-23, prev 2025-11-24)"
2025-12-23,removed,HELE,,"derived from wiki revision diff (rev 1329058715 @ 2025-12-23, prev 2025-11-24)"
2025-12-23,removed,HL,,"derived from wiki revision diff (rev 1329058715 @ 2025-12-23, prev 2025-11-24)"
2025-12-23,removed,HSII,,"derived from wiki revision diff (rev 1329058715 @ 2025-12-23, prev 2025-11-24)"
2025-12-23,removed,MGPI,,"derived from wiki revision diff (rev 1329058715 @ 2025-12-23, prev 2025-11-24)"
2025-12-23,removed,PINC,,"derived from wiki revision diff (rev 1329058715 @ 2025-12-23, prev 2025-11-24)"
2025-12-23,removed,RC,,"derived from wiki revision diff (rev 1329058715 @ 2025-12-23, prev 2025-11-24)"
2025-12-23,removed,RGR,,"derived from wiki revision diff (rev 1329058715 @ 2025-12-23, prev 2025-11-24)"
2025-12-23,removed,SCVL,,"derived from wiki revision diff (rev 1329058715 @ 2025-12-23, prev 2025-11-24)"
2025-12-23,removed,SITC,,"derived from wiki revision diff (rev 1329058715 @ 2025-12-23, prev 2025-11-24)"
2025-12-23,removed,SNDK,,"derived from wiki revision diff (rev 1329058715 @ 2025-12-23, prev 2025-11-24)"
2025-12-23,removed,SPXC,,"derived from wiki revision diff (rev 1329058715 @ 2025-12-23, prev 2025-11-24)"
2025-12-23,removed,THRY,,"derived from wiki revision diff (rev 1329058715 @ 2025-12-23, prev 2025-11-24)"
2025-12-23,removed,VTLE,,"derived from wiki revision diff (rev 1329058715 @ 2025-12-23, prev 2025-11-24)"
2026-01-30,added,AMRX,,"derived from wiki revision diff (rev 1335679776 @ 2026-01-30, prev 2025-12-23)"
2026-01-30,added,OPLN,,"derived from wiki revision diff (rev 1335679776 @ 2026-01-30, prev 2025-12-23)"
2026-01-30,added,VSNT,,"derived from wiki revision diff (rev 1335679776 @ 2026-01-30, prev 2025-12-23)"
2026-01-30,added,WINA,,"derived from wiki revision diff (rev 1335679776 @ 2026-01-30, prev 2025-12-23)"
2026-01-30,removed,BDN,,"derived from wiki revision diff (rev 1335679776 @ 2026-01-30, prev 2025-12-23)"
2026-01-30,removed,GES,,"derived from wiki revision diff (rev 1335679776 @ 2026-01-30, prev 2025-12-23)"
2026-01-30,removed,KAR,,"derived from wiki revision diff (rev 1335679776 @ 2026-01-30, prev 2025-12-23)"
2026-01-30,removed,TTMI,,"derived from wiki revision diff (rev 1335679776 @ 2026-01-30, prev 2025-12-23)"
2026-02-26,added,ADT,,"derived from wiki revision diff (rev 1340556004 @ 2026-02-26, prev 2026-01-30)"
2026-02-26,added,APLS,,"derived from wiki revision diff (rev 1340556004 @ 2026-02-26, prev 2026-01-30)"
2026-02-26,added,LZ,,"derived from wiki revision diff (rev 1340556004 @ 2026-02-26, prev 2026-01-30)"
2026-02-26,added,MBIN,,"derived from wiki revision diff (rev 1340556004 @ 2026-02-26, prev 2026-01-30)"
2026-02-26,added,MPT,,"derived from wiki revision diff (rev 1340556004 @ 2026-02-26, prev 2026-01-30)"
2026-02-26,added,OSW,,"derived from wiki revision diff (rev 1340556004 @ 2026-02-26, prev 2026-01-30)"
2026-02-26,added,RNG,,"derived from wiki revision diff (rev 1340556004 @ 2026-02-26, prev 2026-01-30)"
2026-02-26,removed,AEIS,,"derived from wiki revision diff (rev 1340556004 @ 2026-02-26, prev 2026-01-30)"
2026-02-26,removed,ARWR,,"derived from wiki revision diff (rev 1340556004 @ 2026-02-26, prev 2026-01-30)"
2026-02-26,removed,DVAX,,"derived from wiki revision diff (rev 1340556004 @ 2026-02-26, prev 2026-01-30)"
2026-02-26,removed,ELME,,"derived from wiki revision diff (rev 1340556004 @ 2026-02-26, prev 2026-01-30)"
2026-02-26,removed,HI,,"derived from wiki revision diff (rev 1340556004 @ 2026-02-26, prev 2026-01-30)"
2026-02-26,removed,MPW,,"derived from wiki revision diff (rev 1340556004 @ 2026-02-26, prev 2026-01-30)"
2026-02-26,removed,THS,,"derived from wiki revision diff (rev 1340556004 @ 2026-02-26, prev 2026-01-30)"
2026-03-30,added,AGX,,"derived from wiki revision diff (rev 1346175333 @ 2026-03-30, prev 2026-02-26)"
2026-03-30,added,ASGN,,"derived from wiki revision diff (rev 1346175333 @ 2026-03-30, prev 2026-02-26)"
2026-03-30,added,CALY,,"derived from wiki revision diff (rev 1346175333 @ 2026-03-30, prev 2026-02-26)"
2026-03-30,added,COCO,,"derived from wiki revision diff (rev 1346175333 @ 2026-03-30, prev 2026-02-26)"
2026-03-30,added,GTM,,"derived from wiki revision diff (rev 1346175333 @ 2026-03-30, prev 2026-02-26)"
2026-03-30,added,KMPR,,"derived from wiki revision diff (rev 1346175333 @ 2026-03-30, prev 2026-02-26)"
2026-03-30,added,LAUR,,"derived from wiki revision diff (rev 1346175333 @ 2026-03-30, prev 2026-02-26)"
2026-03-30,added,LIF,,"derived from wiki revision diff (rev 1346175333 @ 2026-03-30, prev 2026-02-26)"
2026-03-30,added,LTH,,"derived from wiki revision diff (rev 1346175333 @ 2026-03-30, prev 2026-02-26)"
2026-03-30,added,LW,,"derived from wiki revision diff (rev 1346175333 @ 2026-03-30, prev 2026-02-26)"
2026-03-30,added,LYFT,,"derived from wiki revision diff (rev 1346175333 @ 2026-03-30, prev 2026-02-26)"
2026-03-30,added,MOH,,"derived from wiki revision diff (rev 1346175333 @ 2026-03-30, prev 2026-02-26)"
2026-03-30,added,MTCH,,"derived from wiki revision diff (rev 1346175333 @ 2026-03-30, prev 2026-02-26)"
2026-03-30,added,NSSC,,"derived from wiki revision diff (rev 1346175333 @ 2026-03-30, prev 2026-02-26)"
2026-03-30,added,PAYC,,"derived from wiki revision diff (rev 1346175333 @ 2026-03-30, prev 2026-02-26)"
2026-03-30,added,RITM,,"derived from wiki revision diff (rev 1346175333 @ 2026-03-30, prev 2026-02-26)"
2026-03-30,added,SPHR,,"derived from wiki revision diff (rev 1346175333 @ 2026-03-30, prev 2026-02-26)"
2026-03-30,added,VSEC,,"derived from wiki revision diff (rev 1346175333 @ 2026-03-30, prev 2026-02-26)"
2026-03-30,removed,AHH,,"derived from wiki revision diff (rev 1346175333 @ 2026-03-30, prev 2026-02-26)"
2026-03-30,removed,ALEX,,"derived from wiki revision diff (rev 1346175333 @ 2026-03-30, prev 2026-02-26)"
2026-03-30,removed,ANGI,,"derived from wiki revision diff (rev 1346175333 @ 2026-03-30, prev 2026-02-26)"
2026-03-30,removed,BLMN,,"derived from wiki revision diff (rev 1346175333 @ 2026-03-30, prev 2026-02-26)"
2026-03-30,removed,CARS,,"derived from wiki revision diff (rev 1346175333 @ 2026-03-30, prev 2026-02-26)"
2026-03-30,removed,CTRE,,"derived from wiki revision diff (rev 1346175333 @ 2026-03-30, prev 2026-02-26)"
2026-03-30,removed,IDCC,,"derived from wiki revision diff (rev 1346175333 @ 2026-03-30, prev 2026-02-26)"
2026-03-30,removed,INN,,"derived from wiki revision diff (rev 1346175333 @ 2026-03-30, prev 2026-02-26)"
2026-03-30,removed,KREF,,"derived from wiki revision diff (rev 1346175333 @ 2026-03-30, prev 2026-02-26)"
2026-03-30,removed,MODG,,"derived from wiki revision diff (rev 1346175333 @ 2026-03-30, prev 2026-02-26)"
2026-03-30,removed,MOG.A,,"derived from wiki revision diff (rev 1346175333 @ 2026-03-30, prev 2026-02-26)"
2026-03-30,removed,MYGN,,"derived from wiki revision diff (rev 1346175333 @ 2026-03-30, prev 2026-02-26)"
2026-03-30,removed,PLAY,,"derived from wiki revision diff (rev 1346175333 @ 2026-03-30, prev 2026-02-26)"
2026-03-30,removed,SITM,,"derived from wiki revision diff (rev 1346175333 @ 2026-03-30, prev 2026-02-26)"
2026-03-30,removed,SOLS,,"derived from wiki revision diff (rev 1346175333 @ 2026-03-30, prev 2026-02-26)"
2026-03-30,removed,SXC,,"derived from wiki revision diff (rev 1346175333 @ 2026-03-30, prev 2026-02-26)"
2026-03-30,removed,TGNA,,"derived from wiki revision diff (rev 1346175333 @ 2026-03-30, prev 2026-02-26)"
2026-03-30,removed,VICR,,"derived from wiki revision diff (rev 1346175333 @ 2026-03-30, prev 2026-02-26)"
2026-04-13,added,ATMU,,"derived from wiki revision diff (rev 1348618629 @ 2026-04-13, prev 2026-03-30)"
2026-04-13,added,BNL,,"derived from wiki revision diff (rev 1348618629 @ 2026-04-13, prev 2026-03-30)"
2026-04-13,added,CVSA,,"derived from wiki revision diff (rev 1348618629 @ 2026-04-13, prev 2026-03-30)"
2026-04-13,added,DBD,,"derived from wiki revision diff (rev 1348618629 @ 2026-04-13, prev 2026-03-30)"
2026-04-13,added,DCH,,"derived from wiki revision diff (rev 1348618629 @ 2026-04-13, prev 2026-03-30)"
2026-04-13,added,VGNT,,"derived from wiki revision diff (rev 1348618629 @ 2026-04-13, prev 2026-03-30)"
2026-04-13,removed,AL,,"derived from wiki revision diff (rev 1348618629 @ 2026-04-13, prev 2026-03-30)"
2026-04-13,removed,ATGE,,"derived from wiki revision diff (rev 1348618629 @ 2026-04-13, prev 2026-03-30)"
2026-04-13,removed,AXL,,"derived from wiki revision diff (rev 1348618629 @ 2026-04-13, prev 2026-03-30)"
2026-04-13,removed,DOCN,,"derived from wiki revision diff (rev 1348618629 @ 2026-04-13, prev 2026-03-30)"
2026-04-13,removed,SEE,,"derived from wiki revision diff (rev 1348618629 @ 2026-04-13, prev 2026-03-30)"
2026-04-13,removed,TWI,,"derived from wiki revision diff (rev 1348618629 @ 2026-04-13, prev 2026-03-30)"
2026-05-28,added,AGNT,,"derived from wiki revision diff (rev 1356496407 @ 2026-05-28, prev 2026-04-13)"
2026-05-28,added,ALHC,,"derived from wiki revision diff (rev 1356496407 @ 2026-05-28, prev 2026-04-13)"
2026-05-28,added,BFAM,,"derived from wiki revision diff (rev 1356496407 @ 2026-05-28, prev 2026-04-13)"
2026-05-28,added,EFOR,,"derived from wiki revision diff (rev 1356496407 @ 2026-05-28, prev 2026-04-13)"
2026-05-28,added,FG,,"derived from wiki revision diff (rev 1356496407 @ 2026-05-28, prev 2026-04-13)"
2026-05-28,added,FLO,,"derived from wiki revision diff (rev 1356496407 @ 2026-05-28, prev 2026-04-13)"
2026-05-28,added,LFST,,"derived from wiki revision diff (rev 1356496407 @ 2026-05-28, prev 2026-04-13)"
2026-05-28,added,RELY,,"derived from wiki revision diff (rev 1356496407 @ 2026-05-28, prev 2026-04-13)"
2026-05-28,removed,APLS,,"derived from wiki revision diff (rev 1356496407 @ 2026-05-28, prev 2026-04-13)"
2026-05-28,removed,ASGN,,"derived from wiki revision diff (rev 1356496407 @ 2026-05-28, prev 2026-04-13)"
2026-05-28,removed,CSGS,,"derived from wiki revision diff (rev 1356496407 @ 2026-05-28, prev 2026-04-13)"
2026-05-28,removed,EXPI,,"derived from wiki revision diff (rev 1356496407 @ 2026-05-28, prev 2026-04-13)"
2026-05-28,removed,GDEN,,"derived from wiki revision diff (rev 1356496407 @ 2026-05-28, prev 2026-04-13)"
2026-05-28,removed,MCW,,"derived from wiki revision diff (rev 1356496407 @ 2026-05-28, prev 2026-04-13)"
2026-05-28,removed,SNCY,,"derived from wiki revision diff (rev 1356496407 @ 2026-05-28, prev 2026-04-13)"
2026-05-28,removed,TPH,,"derived from wiki revision diff (rev 1356496407 @ 2026-05-28, prev 2026-04-13)"
2026-06-30,added,DAVE,,"derived from wiki revision diff (rev 1361863284 @ 2026-06-30, prev 2026-05-28)"
2026-06-30,added,EPAM,,"derived from wiki revision diff (rev 1361863284 @ 2026-06-30, prev 2026-05-28)"
2026-06-30,added,FA,,"derived from wiki revision diff (rev 1361863284 @ 2026-06-30, prev 2026-05-28)"
2026-06-30,added,NTST,,"derived from wiki revision diff (rev 1361863284 @ 2026-06-30, prev 2026-05-28)"
2026-06-30,added,PPLI,,"derived from wiki revision diff (rev 1361863284 @ 2026-06-30, prev 2026-05-28)"
2026-06-30,added,PTON,,"derived from wiki revision diff (rev 1361863284 @ 2026-06-30, prev 2026-05-28)"
2026-06-30,added,UTI,,"derived from wiki revision diff (rev 1361863284 @ 2026-06-30, prev 2026-05-28)"
2026-06-30,added,VSXY,,"derived from wiki revision diff (rev 1361863284 @ 2026-06-30, prev 2026-05-28)"
2026-06-30,removed,AMWD,,"derived from wiki revision diff (rev 1361863284 @ 2026-06-30, prev 2026-05-28)"
2026-06-30,removed,IAC,,"derived from wiki revision diff (rev 1361863284 @ 2026-06-30, prev 2026-05-28)"
2026-06-30,removed,KW,,"derived from wiki revision diff (rev 1361863284 @ 2026-06-30, prev 2026-05-28)"
2026-06-30,removed,NVRI,,"derived from wiki revision diff (rev 1361863284 @ 2026-06-30, prev 2026-05-28)"
2026-06-30,removed,PRA,,"derived from wiki revision diff (rev 1361863284 @ 2026-06-30, prev 2026-05-28)"
2026-06-30,removed,SSTK,,"derived from wiki revision diff (rev 1361863284 @ 2026-06-30, prev 2026-05-28)"
2026-06-30,removed,VRE,,"derived from wiki revision diff (rev 1361863284 @ 2026-06-30, prev 2026-05-28)"
2026-06-30,removed,VSCO,,"derived from wiki revision diff (rev 1361863284 @ 2026-06-30, prev 2026-05-28)"
2026-07-11,added,BLKB,,"derived from wiki revision diff (rev 1363714692 @ 2026-07-11, prev 2026-06-30)"
2026-07-11,added,CACC,,"derived from wiki revision diff (rev 1363714692 @ 2026-07-11, prev 2026-06-30)"
2026-07-11,added,CAG,,"derived from wiki revision diff (rev 1363714692 @ 2026-07-11, prev 2026-06-30)"
2026-07-11,added,CNXC,,"derived from wiki revision diff (rev 1363714692 @ 2026-07-11, prev 2026-06-30)"
2026-07-11,added,COTY,,"derived from wiki revision diff (rev 1363714692 @ 2026-07-11, prev 2026-06-30)"
2026-07-11,added,DMC,,"derived from wiki revision diff (rev 1363714692 @ 2026-07-11, prev 2026-06-30)"
2026-07-11,added,EBC,,"derived from wiki revision diff (rev 1363714692 @ 2026-07-11, prev 2026-06-30)"
2026-07-11,added,GPOR,,"derived from wiki revision diff (rev 1363714692 @ 2026-07-11, prev 2026-06-30)"
2026-07-11,added,GT,,"derived from wiki revision diff (rev 1363714692 @ 2026-07-11, prev 2026-06-30)"
2026-07-11,added,IVT,,"derived from wiki revision diff (rev 1363714692 @ 2026-07-11, prev 2026-06-30)"
2026-07-11,added,LAZ,,"derived from wiki revision diff (rev 1363714692 @ 2026-07-11, prev 2026-06-30)"
2026-07-11,added,LQDA,,"derived from wiki revision diff (rev 1363714692 @ 2026-07-11, prev 2026-06-30)"
2026-07-11,added,MBGL,,"derived from wiki revision diff (rev 1363714692 @ 2026-07-11, prev 2026-06-30)"
2026-07-11,added,MFP,,"derived from wiki revision diff (rev 1363714692 @ 2026-07-11, prev 2026-06-30)"
2026-07-11,added,NHI,,"derived from wiki revision diff (rev 1363714692 @ 2026-07-11, prev 2026-06-30)"
2026-07-11,added,NIC,,"derived from wiki revision diff (rev 1363714692 @ 2026-07-11, prev 2026-06-30)"
2026-07-11,added,POOL,,"derived from wiki revision diff (rev 1363714692 @ 2026-07-11, prev 2026-06-30)"
2026-07-11,added,RSI,,"derived from wiki revision diff (rev 1363714692 @ 2026-07-11, prev 2026-06-30)"
2026-07-11,added,USLM,,"derived from wiki revision diff (rev 1363714692 @ 2026-07-11, prev 2026-06-30)"
2026-07-11,added,WRBY,,"derived from wiki revision diff (rev 1363714692 @ 2026-07-11, prev 2026-06-30)"
2026-07-11,added,WSBC,,"derived from wiki revision diff (rev 1363714692 @ 2026-07-11, prev 2026-06-30)"
2026-07-11,removed,ARI,,"derived from wiki revision diff (rev 1363714692 @ 2026-07-11, prev 2026-06-30)"
2026-07-11,removed,CABO,,"derived from wiki revision diff (rev 1363714692 @ 2026-07-11, prev 2026-06-30)"
2026-07-11,removed,CLB,,"derived from wiki revision diff (rev 1363714692 @ 2026-07-11, prev 2026-06-30)"
2026-07-11,removed,CTKB,,"derived from wiki revision diff (rev 1363714692 @ 2026-07-11, prev 2026-06-30)"
2026-07-11,removed,EMBC,,"derived from wiki revision diff (rev 1363714692 @ 2026-07-11, prev 2026-06-30)"
2026-07-11,removed,ETD,,"derived from wiki revision diff (rev 1363714692 @ 2026-07-11, prev 2026-06-30)"
2026-07-11,removed,FDP,,"derived from wiki revision diff (rev 1363714692 @ 2026-07-11, prev 2026-06-30)"
2026-07-11,removed,FWRD,,"derived from wiki revision diff (rev 1363714692 @ 2026-07-11, prev 2026-06-30)"
2026-07-11,removed,GDYN,,"derived from wiki revision diff (rev 1363714692 @ 2026-07-11, prev 2026-06-30)"
2026-07-11,removed,GOGO,,"derived from wiki revision diff (rev 1363714692 @ 2026-07-11, prev 2026-06-30)"
2026-07-11,removed,IIIN,,"derived from wiki revision diff (rev 1363714692 @ 2026-07-11, prev 2026-06-30)"
2026-07-11,removed,MNRO,,"derived from wiki revision diff (rev 1363714692 @ 2026-07-11, prev 2026-06-30)"
2026-07-11,removed,OXM,,"derived from wiki revision diff (rev 1363714692 @ 2026-07-11, prev 2026-06-30)"
2026-07-11,removed,PRAA,,"derived from wiki revision diff (rev 1363714692 @ 2026-07-11, prev 2026-06-30)"
2026-07-11,removed,RWT,,"derived from wiki revision diff (rev 1363714692 @ 2026-07-11, prev 2026-06-30)"
2026-07-11,removed,SANM,,"derived from wiki revision diff (rev 1363714692 @ 2026-07-11, prev 2026-06-30)"
2026-07-11,removed,SEM,,"derived from wiki revision diff (rev 1363714692 @ 2026-07-11, prev 2026-06-30)"
2026-07-11,removed,SMTC,,"derived from wiki revision diff (rev 1363714692 @ 2026-07-11, prev 2026-06-30)"
2026-07-11,removed,STEL,,"derived from wiki revision diff (rev 1363714692 @ 2026-07-11, prev 2026-06-30)"
2026-07-11,removed,UHT,,"derived from wiki revision diff (rev 1363714692 @ 2026-07-11, prev 2026-06-30)"
2026-07-11,removed,VIAV,,"derived from wiki revision diff (rev 1363714692 @ 2026-07-11, prev 2026-06-30)"
2026-07-11,removed,VITL,,"derived from wiki revision diff (rev 1363714692 @ 2026-07-11, prev 2026-06-30)"
2026-07-24,added,CPB,,"derived from wiki revision diff (rev 1365822406 @ 2026-07-24, prev 2026-07-19)"
2026-07-24,added,LEU,,"derived from wiki revision diff (rev 1365822406 @ 2026-07-24, prev 2026-07-19)"
2026-07-24,added,SEI,,"derived from wiki revision diff (rev 1365822406 @ 2026-07-24, prev 2026-07-19)"
2026-07-24,removed,CPRX,,"derived from wiki revision diff (rev 1365822406 @ 2026-07-24, prev 2026-07-19)"
2026-07-24,removed,WSR,,"derived from wiki revision diff (rev 1365822406 @ 2026-07-24, prev 2026-07-19)"
